,0,1,2,3,4,5,6,7,8,9,10,11,12,13,14,15,16,17,18,19,20,21,22,23,24,25,26,27,28,29,30,31,32,33,34,35,36,37,38,39,40,41,42,43,44,45,46,47,48,49,50,51,52,53,54,55,56,57,58,59,60,61,62,63,64
x_location.down_mean,-0.10600513889814683,-0.01956515558387169,0.03493249847192998,0.2876632224659732,0.009405075567620361,0.1732897391694549,-0.030797661351309447,-0.03038115587867758,0.1018384398952681,0.025229211627314035,0.11602402144571947,-0.17683734063347878,0.25499192548706884,0.0437760532547433,-0.16178513731381397,-0.0818250808081926,-0.14606637963590766,-0.18485423818713326,-0.14417047109514736,-0.017132730307105735,-0.09257569049577713,-0.0438781141250141,0.13309805879788014,0.027592729401491118,-0.2738531288747915,-0.08060054684468439,-0.12086286599446555,0.10348030410298209,-0.111355583704309,-0.02942935054167118,-0.005862905063285967,-0.1326059517987672,-0.11942456743245494,0.15413435136439674,-0.005452712540097385,-0.04339607418247659,0.002444461606531697,0.1647911079671645,0.04936476631397963,0.15615569779729532,0.0008376057903146897,0.04675908254432695,-0.004122050703889814,-0.16939075310329085,0.3245462262615668,0.23418343117077675,-0.14289259921703035,0.0623559848479974,0.06216928407942906,0.08102161757765651,-0.153176100489504,-0.004052180300461347,-0.3274266160322671,-0.0032053000493810066,-0.07479711857255122,0.07201970604103157,-0.027660592500761375,0.05713603231188806,-0.0514530003343265,0.0002116339123204485,0.00836883981312197,0.01962756270724596,-0.007142916344920841,-0.011110847108588022,-0.0715194944802547
y_location.down_mean,-0.11411165198837658,0.05570714694093666,0.04097720369450801,-0.12118734996315517,0.1383068954680648,0.20581453073668238,0.09830761441978664,0.06897936387248112,0.07375638327778329,-0.26148707412514893,0.20856304069015685,0.07779930350175931,0.0806350158930299,-0.18507766068000278,-0.025434035277580397,0.048164429102837636,-0.07466251063999992,-0.06300703901276107,0.2272179245093627,-0.15455712215134576,-0.18087002374679864,0.12408457921844425,-0.1107352017626077,0.03797851425266528,0.07020263410766936,0.0623427943897361,-0.052231637868016594,0.02119139370451058,0.320195229798283,-0.07469383589382551,0.06627917886883337,-0.018193611123857173,-0.11809884843268842,0.08467437859006002,-0.11931104068982669,-0.23965748840063783,-0.0852665195190485,0.27860584652961123,0.1687142972226218,-0.06408296388189114,-0.08461393631446158,-0.00438375218900881,-0.16887726045749926,-0.03585461007171714,-0.11979042872089973,0.03162136751978839,-0.02677302662663962,-0.026867878447983377,-0.000747594964841114,0.08567295265241232,-0.14180751111376658,-0.09222458797526141,0.09714126325277786,-0.029904606658146524,0.017649327368636142,-0.08008568925790047,0.03890946781546567,-0.05314510759141033,0.08263424544584198,-0.1400203404589649,0.16596756956963626,-0.1550679183018237,0.05627017498646293,-0.03597130630551653,0.22125873672960122
touch.duration_mean,0.0032718710271654183,-0.11301935729006163,0.03623617199054237,-0.07015957698830844,-0.06924779511508063,0.21336858309085832,0.2108050966783683,-0.18082102482845164,-0.10953599346090853,-0.149876324545767,0.027880866549830255,-0.0013989283453943735,0.06491365694259255,0.2812891932266366,0.06167860997600928,-0.08395388299177192,-0.021836490715854168,0.1551966065619826,-0.047217469937416635,-0.013880583472491926,-0.0034816054024193292,-0.015128297428166449,-0.0571261015149684,0.061953803095836486,-0.014251765597675704,0.13549597811421807,-0.033220620373756046,-0.1854838808142872,-0.18075796099211933,0.6037545413714147,-0.07461764113319486,-0.30963797150412636,-0.20059931104808512,-0.19345895549306322,-0.03391504058971522,-0.11527257398167945,0.0007074161741852736,0.037524946774664045,0.048520466928761816,-0.0908161940467565,-0.020791137831430245,-0.06045502865932127,0.04684588978386302,-0.05265063681256226,-0.04847063836758064,0.055258753830051674,0.04474614617496797,-0.004203861500595776,0.026895325421673884,-0.004645390306940639,-0.028444123902136464,0.03254800852061861,0.07037407431975073,-0.03335573579153607,0.04103252161171728,0.03618867465085401,-0.014696155782392197,-0.027296064250806808,0.05141110209939329,-0.026535131750365985,-0.004662630628669917,0.012475862708188144,-0.016368750785733334,0.004009304856419517,-0.005167800408333388
swipe_length_mean,-0.24791254961055395,-0.11010476598015576,0.01792635617654259,-0.07693103088714492,-0.1140618605237976,-0.09106988508311498,0.055766236990036445,-0.007593932322078031,-0.0581390566676285,0.07073925812610961,-0.014957177538037603,0.018418115776625915,0.023499273199187043,0.15066749203683152,0.0291308634866273,-0.04918551420799258,0.11832757166560257,0.022248440216351778,-0.19682381519074682,0.0016159822775828822,0.09411900663464574,-0.06615891061953899,0.09239109316522494,0.062442304598278306,-0.08300004888562698,0.007775898768280581,0.2064497329107522,0.12942464290340838,0.037652679802987095,-0.01598056762506156,-0.12421419429894842,-0.02426446325041101,-0.08601449318342697,-0.08180867851834847,-0.02514658602687627,0.14069058795779316,0.13964418360773237,-0.08991993900623177,-0.028815364988129637,-0.032454780830033156,-0.02279173012574742,0.06091299392462593,-0.20515557016411676,-0.04812830263934218,-0.029971952669139545,-0.05364125747654358,-0.05446683167403696,0.10594137260443798,-0.07835471589842397,0.03786908623567119,0.05205755242749628,-0.22241376650685815,-0.15901781656559885,0.1895169979337237,-0.05601621109479888,-0.07975170526163528,-0.00992750346955823,-0.12302310482643619,-0.2580548300531793,-0.1437929178595898,0.17779776983361997,-0.17373892010854253,0.12256509009102949,0.09430874744564982,0.49805519833514184
button_touch_x_location_mean,-0.2820099269402231,-0.04220419329478842,0.09460249864739714,0.03479024669768399,-0.043397596149100146,-0.050070148655691815,-0.0075120749659313354,0.000866069637146992,0.004291326233505505,0.023832254185989936,-0.06820128827420682,-0.060283458800879916,0.021435718405119472,0.009241331941959982,-0.04150712262260668,0.010148558640745597,0.04852381301107753,0.04710969184217079,0.0883508626994825,0.03344958971021969,0.026002334463465573,0.05507772010469321,-0.034661961306852535,0.012753892001321276,0.03932931249440105,0.05675935266710688,0.07934665727143092,-0.09453362545344202,0.08147106789409013,-0.03286774615709885,0.09271098034921334,0.014657468964191109,0.043312482085043014,-0.18225874163404168,0.1251739817785118,-0.09351764418482944,-0.011929566270168201,-0.23139292321983207,0.04091028565121123,-0.05675082180868369,0.012700087393342692,-0.1252901661263775,-0.09397952114267714,0.04723352390817127,0.30657595268051685,0.2439996491573432,0.06250813190253734,-0.3725597789275832,-0.01649048866651339,0.1806992200554536,-0.0817478830760628,0.06050776488259587,0.02477086676635723,0.14610255403895023,-0.09759449011889083,-0.10944137597133496,-0.024730395690313357,0.0426340933191272,0.2507809919189247,0.08701998550971156,-0.3001809504985014,-0.22679987376657565,0.3046327852570956,0.049567972066185725,0.008238726558369505
time_between_touches_mean,-0.017480283013889614,-0.1078817016570559,-0.0239718056124211,-0.07417508832348363,-0.08899961760495677,0.16890218727104714,0.2528700566526602,-0.2064452014345553,-0.09219981278141233,-0.08260480074380229,-0.009893300204483979,-0.019805668094853263,-0.01027282117278433,0.3057211580742331,-0.011010088885417976,-0.018868208061116103,0.09622159295207869,0.043437919805406955,-0.02339484386699521,0.1405534226817412,0.03459901447099553,0.05531174986976856,0.1304100733985927,-0.06471274399150478,0.15472210618707583,0.18619397843157098,-0.38158601663606484,0.19320648055193318,0.00013579353849364761,-0.2236280476769965,0.18541259050718,0.39416384611724176,-0.1591446120588222,-0.1059457089960914,0.14618216826799393,0.22385439006140423,-0.11189636275000855,0.18275961937448604,0.02639965697193025,0.013657456815018662,0.011744311117949694,0.08593142739369301,-0.005836703354511611,0.05869886054185004,0.016903142540304263,0.04420677326802823,0.05659036022684411,-0.022169035219242208,-0.032290204325436486,-0.004433374729071647,-0.024733728630557922,0.022078936446761354,-0.0486751288939444,-0.019409546010093166,0.04332938462495638,-0.08536312565207133,0.01019201134415845,0.007024907767706139,0.01602097178120078,-0.008067351958367388,-0.010255349940669015,-0.01853909425332556,-0.040293513259247515,0.02973106906379621,-0.04042192983117618
y_location.release_mean,-0.2631369590845588,-0.0700359969346187,0.05142109760732694,-0.1278658567975243,-0.06950263841151937,0.01810470096410305,0.0626457489274306,0.06115034591350569,0.010133459032084943,-0.10865150830676855,0.12928159971851128,0.03937746129382601,0.04529357901559927,0.032114821970674556,-0.022576872050309893,0.0738563830004723,0.0897429500062363,-0.03516878152962137,-0.08652307857676911,-0.03385170436354947,-0.018733063654532704,0.05246891845329907,-0.011535859685682444,0.05591477946502335,0.026822344830940703,0.03814544069658597,0.11075559514957178,0.10339634987785351,0.18349855211782973,-0.06802150624514848,-0.09607979408525665,0.02377236373940861,-0.1829275659344155,0.02377239653279889,-0.10694457607812602,-0.08589324530510968,0.025248831526307386,-0.06627449979618849,-0.01771093168341419,-0.1140164391458227,-0.10329530155914907,-0.006468367331123603,-0.16042068012888078,0.0044138592084182315,-0.039405966425172564,-0.10983199394399785,-0.09474847134616332,-0.03366985241956005,0.12128482538962089,0.05873000377004085,-0.042575625974047106,-0.06138143880547796,0.04887240825130096,0.10550128106141889,0.16213869516640345,0.1866458497561627,-0.06411287782100852,-0.05542930077008698,-0.3463525570101543,0.2985578797035455,-0.33787955045772916,0.27229651845042213,-0.10318141975940051,0.09740654831592882,-0.32065539984786534
difference.touch_buttonCenter_x_mean,-0.10718617731411434,0.2837103658683477,-0.0067702020086394255,-0.05111679652745921,-0.0045313487811369174,0.11234539059907767,0.06630831863738174,-0.12242213966971364,-0.024088111833048514,0.03548721313251335,-0.03467295954326702,-0.0005561789357176466,0.016795057693318516,0.006013809707051721,0.13669786253802257,0.041905492308856734,-0.04916639752548119,-0.15682384924851245,0.030677199397399157,0.11730686228567358,0.21685438227181125,0.026790054596924642,-0.09993514772542361,0.17700586675714233,-0.10354170729703505,-0.03343779893373097,-0.03363587236817338,-0.0710573073829216,-0.04576205331379041,-0.18249766093886322,0.0265495270099494,-0.038405299363834355,-0.07525872965829666,-0.054717137575708424,-0.04392881417297422,0.09834711241598232,0.00046997778759500517,-0.10356280636713658,0.07175512849534638,-0.007196182994412215,-0.14065772491103495,-0.14133398624577062,0.05218090784274125,-0.0956580692629755,0.2163842616211039,0.035444723768059176,-0.0666608860539374,-0.07754518912771158,0.12252755642007368,-0.06300098824370909,0.2568989707207004,-0.24766413524014672,0.20201703619202185,-0.17228226609630443,0.26818654707264167,0.14091547553474312,-0.2863422936611838,0.10241487239748293,0.02221745539307792,-0.20035159807529174,-0.02248684301140274,0.03175910812784038,-0.0747563515827019,-0.23603299724464305,0.11083602213644064
difference.touch_buttonCenter_y_mean,-0.1153278863722538,0.28050523991303716,0.0237126684938673,0.01108507767933714,-0.10677284314259611,0.07909018567091253,0.007765452099704653,-0.14817212424713422,-0.07295583738123745,-0.02784152235843773,-0.09853836677314717,-0.05097699222925056,-0.00802992246467854,-0.06616797707157873,0.09050403903782979,-0.02842719548895569,-0.05704981609598268,0.06407821734308211,-0.08656669740682951,-0.05996561605545013,-0.1750617859047836,0.028850822335572925,0.21685063211172576,-0.08555099072995209,0.03873221085126799,0.0452832065822495,0.06542860628321454,0.1347281780098108,0.0429918126887743,0.08710802513747226,0.09560635287504617,0.1003784602044175,-0.032302440483043586,0.05642042494143007,-0.0007919410707182386,-0.09222529578387063,0.11603124524519298,-0.15995718989517355,-0.10577126674153925,0.036004581552815135,0.05514432215043924,0.03997715791955844,0.010879423458509497,-0.06497616021275324,0.12542583350769007,0.0167553353659117,-0.08022779500341262,-0.04014969517092306,0.027663906796667245,-0.15826248794585238,-0.018973361078224747,-0.10383749345158835,0.1038877518774283,0.0412420007083876,0.08492010384933596,0.10862864558228262,0.3585261304742198,-0.13200011914735935,0.2560400195208311,0.4082214804591184,0.17476058624130972,0.13661440039280348,-0.11352177548175729,-0.16350934785233268,0.21010493257430032
touchAccuracy_mean,-0.00820615219662923,-0.07078072101388802,-0.10019067268618526,-0.1475219447623019,-0.03978859208399499,0.04292709666915656,-0.23230336095819848,-0.3043936901174731,0.3594520260483505,-0.1110639283031932,-0.03641008295922502,-0.05898710991750923,-0.025440004323453898,-0.022646697883566144,-0.04619074114935301,0.028261042277394552,0.02737941636516563,0.05457570058420894,-0.004720593398487179,0.026395900348254578,0.06907838609725611,-0.08981048079169127,0.043687264311580695,0.0111575526397397,-0.04980555699271786,0.05534351367201295,-0.031184738160859593,-0.0790363431697495,0.09750112568105511,0.05808436145426436,0.1493759516138996,0.002776348626884889,0.02848027642052426,0.0072427329736571705,0.06546257135061107,-0.04508709326000293,-0.21945416568894272,-0.11022062962832929,-0.21208517335852245,0.247493548415723,-0.25352559499525557,-0.25768418463460774,0.09925606071750645,0.14210928137711842,-0.2119324338636039,0.08775872128135101,-0.36161697128437836,-0.041459145523253166,-0.05351915146919549,-0.0742860007775012,-0.059400417635475725,-0.010631800333360118,-0.11515294474194182,0.1441185491160163,0.08095671277291445,-0.006586043372646854,-0.07118374413421802,-0.10080332429853275,-0.03723216505553033,-0.023793750920691106,0.06778829979210309,-0.020702148977996316,0.03028993242436075,0.0035413015912061085,-0.004387963999236168
touchAccuracy_x_mean,-0.0733734875301497,0.023834951392444605,0.07669725420685651,0.4143037573328902,0.04683551086625128,0.016799406328740836,-0.021866737541209283,-0.03135479277756524,0.10382241968667665,-0.1710247809031546,0.01903065536937245,0.06176542600701725,-0.22049776923112496,0.07628387287733379,-0.024686114113408975,0.05391653322712761,0.055136161469533734,0.070558967878455,0.03168820714172896,0.04590743485117915,0.00390752526632461,-0.052345064636286256,0.02939461132682862,0.042459135355860246,0.0498426052296277,-0.02599082203026873,0.0852770933362378,-0.134240418533343,0.15652215212003373,0.10493932700870892,-0.0571331176799042,0.16657292939831253,0.0002858341495851485,-0.056827834011875196,0.008751820503647048,0.012694577957832354,0.18184102039337482,0.14197916066134303,0.16800632303127494,0.06956077477208142,-0.2932570354875301,0.10740021552728168,0.3038289459998773,-0.16227714502859847,0.13920860575984656,-0.2896771166348707,-0.06580847375268789,0.043603924936955356,-0.2530699806846358,-0.16734639705373272,-0.054234004054998876,-0.09616070038192123,0.03367045621184478,0.07116559526057463,0.06444968767170237,-0.04935959281741169,0.04338989884058701,0.14180150404495254,-0.041132773113793514,0.03793455410489237,-0.1257959093770487,-0.1512819044463548,0.025180135580258785,0.04239971565331512,-0.011967635541512367
touchAccuracy_y_mean,-0.0974848535446239,0.06186528804425702,-0.025881915977321875,-0.09210640902517084,0.32833364831135375,0.26551429958810285,-0.11626247505092865,0.2135276111412371,-0.07505073789653235,-0.040303853739742726,-0.045449430480035004,0.011899752022039203,-0.13143092328358702,0.08202057884637907,-0.03810629803655756,0.030286276296573135,-0.052001367885071446,0.08124544867826698,0.0026903607876475836,0.004109622474093638,0.14604316833789205,-0.08530684522354345,0.13074258924668727,-0.013880474341286437,-0.05683071688360013,0.03319448158757673,0.006586458566940925,0.014321180429219864,-0.09447276667895661,0.03613699214282537,-0.03165926059185177,0.08940148137477298,-0.04245317227918349,0.06307847946236933,-0.0495216222442847,0.028199438028540493,-0.2351580549492864,-0.08656370249263264,-0.11703032939981511,0.0002645404372473622,0.039135076920099945,-0.20681409141615612,-0.05895083832536595,-0.08258519265159794,0.08410111985921506,-0.10145745696326416,0.06613861603197176,0.2879183806831192,-0.29262659359263177,0.38950268825480966,0.03924332782078824,-0.03607017366438787,0.03101363756522091,0.20530069971444478,0.08025476803153186,0.07577414194904289,0.1662820428939331,0.12087782807443007,0.14356332739202,-0.08553492777483576,-0.06108359687958083,0.09980012123491315,-0.03021126193527838,-0.00602560982917541,-0.013510295479049084
y_location.release_median,-0.15551515060231622,-0.13394921256978265,-0.14595505286257374,-0.07091978655964287,-0.12540096834699607,0.06214517205452428,0.09068808728463752,0.12722264900222852,0.06894165376121501,-0.04185802563028041,0.20903013290802988,0.1463402200582668,0.03909348302824633,-0.004946886947470552,-0.027369946766455905,0.1511142946217745,0.11218542855133286,-0.08948803939731323,-0.15566127181262557,-0.0058398533847453535,-0.09324748537911637,-0.05772470569581724,-0.07125696366994963,0.045391764261984435,-0.012387756908295616,-0.11089301439034914,0.11540086099042642,0.17394158170913654,0.12552344789131029,-0.05309807219643422,-0.27603104968334946,-0.03782194036899836,-0.0744773681036015,-0.12740279385393383,-0.019011839157674845,-0.022197127478014472,-0.287770634192882,-0.09148482049353929,-0.1755997326267011,0.10968538243341594,0.06753619937942208,0.15800806597551642,0.4548604854598158,0.17411593286591368,0.12297506133157587,0.16982294592994274,0.1610929995410949,0.09117647357941308,-0.05686007137815391,-0.11915542452112425,0.005237178574440136,0.0779788434866654,0.12658603219976367,-0.02988319103202509,-0.0068822400488308295,0.028765553310607303,-7.615032430663415e-05,0.0465342122586207,0.14372144870603426,-0.04048185289181569,0.05507381519605524,-0.01365581044509774,-0.010557853292773648,-0.04114546510943396,0.045615662331018575
difference.touch_buttonCenter_x_median,-0.09088872024353849,0.19892496270631824,0.13623730460303404,-0.04554721647469496,0.03531636085629586,0.12319585077647859,-0.020677010546213473,-0.17302809312554968,-0.11904634939384273,-0.0681036550562636,0.00917289819426504,-0.06614157092000215,0.006297796909787184,-0.07512653800634864,0.22087863281443107,0.08841008257305244,-0.13001771943227625,-0.11130052594997286,0.08939577802466052,0.048487646070526774,0.23799365140026493,0.04465376592079648,0.11832258957625466,0.04580686667465128,0.04211485749676354,-0.0667010019382694,0.15976315509568734,-0.21570514696091198,-0.05184573936659406,-0.24619763563227126,-0.1272810151455667,-0.20176167104816692,-0.24395973445714184,0.004654608716691135,0.046639808632078436,0.13894613048214186,0.13149993659613576,0.22376939013904262,-0.17549787340626244,0.022311391675295188,0.11791381908960763,0.21696273521329656,0.08578674463113183,0.044583366694328476,-0.270871667514674,0.11194421913591981,-0.05189000545016419,-0.011465815013613118,-0.1661369776461847,-0.0010239773181164036,0.00017212268045414814,0.2092216105201571,-0.04727652796127134,0.1610265152970208,-0.06529177021574598,-0.003557184790224037,-0.025937997682417547,0.008658786262516888,0.07939355234212028,0.13664984428599786,-0.04920373616404569,-0.05473158094649251,0.07586000010025361,0.06663445700853407,-0.04947543618339446
difference.touch_buttonCenter_y_median,-0.13431067771642,0.19489062287956044,0.13215454452409642,-0.042915767346623286,-0.07745992933301797,0.014754417482428214,-0.058501842538314155,-0.18262703731087673,-0.15559668371693128,0.012476066173206148,-0.09715077286724944,-0.007590874560178748,-0.06419804118265787,-0.11606339051087704,0.16163232441295908,-0.02840864040423175,0.0069241353841242755,-0.04621790366533951,-0.1363470937156424,0.04876198898691101,-0.1519481872220061,0.061807192241504015,0.07954886875675894,0.0788154087444241,-5.273084475929113e-05,0.1564855113364841,0.09160294415875798,0.13623656989926006,0.026581034536486872,0.20256134334555356,0.05281109306968834,0.20142093982567144,0.01639150151088224,0.3254449334410233,0.04812473285575588,-0.2438000960794659,-0.13620067046310186,0.017574685788481634,-0.22581614082446266,0.026130495190449146,0.10305579152388489,-0.00788489684592775,0.06755066041109048,-0.11429481332914992,-0.042192888022221695,-0.14655339924239635,0.2184679681884339,0.12029533994791292,0.12632321695522097,-0.07867343305007769,-0.048450042335755825,0.03779165384458718,-0.08504603003418254,-0.0023581478143458144,-0.08437645328902614,-0.07470075264127518,-0.30316971640937473,0.08501977138984441,-0.047625848540739306,-0.2006551293627885,-0.15390195289682007,-0.15779457286187454,0.10283465035220658,0.019837061796127244,-0.06951089602381996
touchAccuracy_median,-0.007319294384093674,-0.01561507186722358,-0.12110251026675344,-0.23417535531427344,-0.09146708631877268,-0.09602059855839337,-0.1688367951695037,-0.06260194154770916,0.1270332926247979,-0.03293559859735206,-0.09504790919951076,0.07805057682811221,-0.14018767938486326,0.17952373042771397,-0.07586805741703076,-0.0039633099192756815,-0.18744483749541485,-0.2506653204019971,-0.1460663258208478,-0.11169064978864887,-0.12319185441323777,0.06339494379926612,0.19328713651931828,0.029072921536134017,-0.20453950636323937,-0.13867659751742878,-0.04184191385380058,-0.49694907505927954,0.2872336137122634,0.10929279943600172,-0.049890597487880266,0.21899166261413167,-0.07520199252837372,0.003858952747344664,0.055353947887503224,0.08842456608751582,0.0023809741134937362,0.020612394868848805,0.14992038753676293,0.00031936126259219516,0.13165778333940148,0.11715457054995149,-0.10396827459262614,0.027331455995803253,0.05493601842455996,0.04020833461293044,0.18146657073220165,0.06324663537548303,0.04030156045232857,0.058314079957621015,0.055323010009671145,0.02346463137172626,-0.009983035168634496,-0.07311922781478244,0.0342966386122769,0.02387708770881315,0.027021514306654268,-0.049823127505175126,0.015923117933381088,-0.0017054812657229523,-0.03512453006072043,-0.0009112159332506451,-0.023472967216417014,-0.040149178769433504,-0.0009359862320508505
touchAccuracy_x_median,-0.049938801992095445,-0.00851405298709272,0.04016984681060781,0.39230228005633333,0.02194286357829689,0.11426823971890432,0.06297095473975117,-0.03718006432020154,0.05501717367850662,-0.04830016812892207,0.051562289071095196,-0.16311013200691843,0.10658648231758824,-0.0999301634516967,-0.02771352241101256,0.04416810384061874,0.23538846388974358,0.1870056728822391,0.1331732167912985,0.06296293651845553,0.0639406716350581,-0.20213181614553927,-0.08305749200895954,0.07090340336313036,-0.049467255591749054,-0.07226973461944222,0.08619117915539096,-0.1722012124489501,0.15169935526293493,0.05104004344419931,-0.1056725786412294,0.27142715896997044,-0.024320787539345377,-0.07722318545873261,0.17872992943077312,-0.07929832255002282,0.054372489314052905,-0.029622095866192716,-0.16610779027228123,-0.01999100231364745,0.06586001294763377,-0.008865781293652092,-0.20822789668978117,0.1037564889051884,-0.20338897116207055,0.2212279915247403,0.14877228731200848,0.23631064289063258,0.18634986963301414,0.08885224291976931,0.1817405698262013,-0.04526251982157327,-0.09281101453153076,-0.17055739926260907,0.07306826390491132,0.0255023724838981,0.002605763793183353,-0.006338133524455392,0.03802056375642792,0.042655288049251144,0.021611940413827108,0.03086704127435492,-0.06617822012556765,-0.07601079390776658,0.02156427521053908
touchAccuracy_y_median,-0.09879443679172462,0.019284577379108558,-0.03211779832748745,-0.13269252038909882,0.21485409863360655,0.1251327906831365,0.01114997312842231,0.2593256320674664,0.05956644486081093,-0.10656617113817536,0.04596554604774991,0.015393751682868901,0.0370892054255619,0.10855535630036531,-0.0292099779925375,0.2625262394350959,-0.16637060828741074,0.13658473627260542,0.18598756323701102,-0.1429770469068773,0.3112783923607474,-0.07080180659526036,0.3059633109415315,0.04340006591735636,-0.13125777857785764,-0.1214001843875623,-0.011622836995184606,0.12586329139360844,-0.12804096914249974,0.1448623195781695,0.04445647629301627,0.15026035064676654,0.11115899724017425,-0.06105119494530714,0.0003974069405654722,-0.07887747474699394,0.06213361899670595,0.017655375343624925,-0.0700209957560729,0.08795881178352989,0.05348260804037515,0.11062425943456314,0.005639793362362646,0.02529548588825073,0.0014078718296628746,-0.05272040886837104,0.04800125705330521,-0.2184879957787074,0.19458076902444119,-0.3082474415364574,0.028269908525537006,-0.017052794749224026,-0.07968970736808292,-0.122781129771786,-0.07277978419792393,0.010507508406064495,0.006029943722914127,-0.18910356896736874,-0.0826328890587153,-0.05117991789313068,-0.09060437225895805,-0.07886415836266529,0.0696142184647766,-0.00874048485890036,-0.009522864538920983
difference.touch_buttonCenter_x_skew,-0.11351556704104837,0.1960635558319517,-0.0898482062005498,-0.06279367672885397,-0.08216506321072795,-0.13924150735934965,0.10386083551127658,0.05312218222367842,0.06553168384522084,0.02332101907331511,0.10472258338729687,-0.048850323925963474,-0.05737879152407124,0.09919975862570757,-0.2795655295186507,-0.11839343199871127,0.13122526835289863,-0.10916417106252055,0.004889604798178165,0.0027712107583813548,0.2376283100091813,-0.0061899194706553605,-0.21943139174523968,0.13969782042010495,-0.13041519663956042,0.12225519784078807,-0.07985148041900142,0.020915944613870495,-0.017980769805306357,0.12111511116245981,0.07874546590037823,0.20601919238455504,0.042093864656312485,0.14478517081693978,-0.09712031376762188,-0.17694585339567367,0.14915236756697345,0.037778925786628864,0.03753430223841947,0.004477580070472463,0.28616189064485315,0.06170440480409354,0.22550324233828692,-0.18679640695540645,-0.196801236076684,0.1748532709509249,-0.22036788636904978,-0.08868502653107972,-0.08929089025602271,0.09292237582193906,0.15130791070196303,0.0793835454143128,0.12926509679253068,0.10043625636311354,-0.09800020475399653,-0.10946441347178232,0.12621682824497704,0.05879739144965228,-0.055013491717829696,-0.025927391629735064,-0.040339411033002225,0.10320578647566366,-0.014742032141711686,-0.02029024478074029,0.04163904437553942
difference.touch_buttonCenter_y_skew,-0.08668427874069998,0.18526069081721247,-0.11507966178561929,-0.018592061363572863,-0.10975388798108376,-0.09952016316052706,0.10517632713369492,0.03341041316283682,0.08450225027525611,0.01093754933002743,0.0677019026449508,-0.1728354437028489,-0.03800449211301385,0.021118662006077482,-0.31596213793577077,-0.0426585709506883,-0.0988304840755926,0.18314138848704023,0.09680193912271956,-0.05300261456438207,-0.030244783210940145,-0.01823587055457047,0.235733623570536,-0.30282091654764637,0.2088591277510687,-0.043356923495745756,0.12345366204154491,-0.13574272816712585,-0.028998935718855853,-0.1687369385812138,-0.04391596175461143,-0.0937016059398158,-0.21539473667505174,-0.04296735443714568,0.03385431494380656,0.04552435829250525,-0.09826917054230165,-0.04122905038136126,0.05761993797372701,-0.19481139126422842,0.046565130005015054,-0.30984106939703504,0.16411354036145803,-0.2114517978901589,-0.07288771690038127,0.034692747997813835,0.08160936672902734,0.15673965731452955,0.148303674606923,-0.16461941649430256,-0.07104995966349992,-0.10187329130608003,0.012662870969970957,0.015145389212240165,-0.162812785028414,-0.1371486338531567,-0.07094997777368611,0.045344509754869214,-0.06764848687189558,-0.06318392839323703,-0.029177037880480497,0.04060349845448204,-0.014686023707096901,-0.040157381461069924,-0.011466378137815328
target_touch_x_location_skew,0.1927556039563071,0.026527505104043374,-0.002483764985981936,0.06919180103160516,0.021846633444502335,0.01833015667606242,0.006224388867423564,0.012931272561669122,-0.007581476251455598,-0.07437625457000396,0.10447889346038006,0.061572221125986315,-0.06485072348287116,0.012052283077788542,0.1089816572921894,0.1260195488067614,0.18296346749014664,-0.006002621399147971,-0.060954256578624536,-0.1190788504581277,0.0655857253972713,-0.0003809632445298961,0.1195934953857225,-0.2854922701976184,-0.30418044757535945,0.6209130989163135,0.041330017429719056,-0.18503522209698225,-0.10080976731597777,-0.19605397795903884,-0.31052679895202595,0.03115018188500148,0.037819903438964894,0.11235009217742155,-0.04566556890151821,-0.09754678245040402,-0.06931679170054522,-0.10452136459132937,0.07938438514662169,-0.022250971092360215,-0.09313853624848942,0.07034976779890847,-0.030157737279304077,-0.021120996835355933,0.039348424023566794,0.08521582881892173,-0.017018627527255723,-0.09741315677224133,0.0739014228863613,-0.04176144975937843,0.002906405781370393,0.00018536202391197104,0.006135048683479166,0.0037779359547177177,-0.016568609257606278,-0.020857619608230075,0.024348058273582964,-0.014818775243427253,0.0005033053847595115,-0.017154198490906977,0.03160876995758851,-0.02134003790389812,0.008589297972523727,0.005524661811638465,0.003859921947511419
target_touch_y_location_skew,0.10345196014491848,0.08293096926364114,0.049031145000933245,0.04461103058392324,0.19531293695997487,-0.016172062080900704,-0.03662172556921342,-0.17119517401325307,0.03580311227803741,0.2870764489568136,0.21096414246534081,0.25871694181043525,0.12325229222641734,0.11745294918687821,-0.034648276193359855,0.09904381977250391,0.08562386853823249,0.1455542176411678,0.010622108356094865,0.00775759662780796,-0.147198988647614,0.15718397350084143,0.04706820018316026,-0.025292479316865124,-0.0301758599032423,-0.08936141325767068,-0.01648426214949427,-0.04966593267909947,0.13257033802202295,0.10509762717948637,-0.050553815279974934,0.10125479216615114,0.07198600724084597,0.00948877913965182,-0.30761302736026763,0.22317374007664195,-0.05587792707295813,0.12288315717927407,-0.3412348062427239,-0.2405042583034298,-0.03859849375299004,-0.08126479665982964,0.017695773585381436,-0.2152064390989719,-0.019064065492135476,0.15224132854144912,0.03666030487282006,-0.25808430192434345,-0.12740182142036754,0.010209876489240747,0.06930467091160712,-0.09418635336743925,-0.10016185824493165,-0.032840256096892104,-0.045063610642936805,0.0396796690056514,-0.053880370350616866,0.019939793934140873,-0.007652692832283793,0.0681248514762269,0.02051111467353474,0.011678050433445379,0.03182757678164924,0.010820031884787354,-0.0041236595898924006
time_between_touches_skew,-0.09320466714474902,0.097876349135795,0.006317864870112438,0.020370351674901987,0.01766508939715642,-0.14772428345903627,-0.22477571045547937,0.1284526399360145,0.057530471554792025,0.1538426437190488,-0.13336361964588442,-0.031926554020395986,0.020635674800319494,-0.24909989997604035,0.030349662976427588,0.25450040308549515,-0.05101602491682744,-0.05018106175068097,-0.09304794006984632,0.028805806012048983,0.04599470318109988,-0.2161456627152447,-0.0790831904907604,-0.17604347772456563,0.06546814634850115,0.18969706752139975,-0.39568789415490935,0.1548785638104751,0.1347357722753177,0.2175753186947419,-0.14819276156263933,0.013965643959109576,-0.3957589948590303,-0.16812334638620863,-0.09749583629142908,0.10271605354058119,0.22366298957459774,0.009313819098172756,0.007362233288584831,0.07606987910597873,0.025835010179818343,-0.08384387188169964,0.015900557563194813,-0.03186455575350558,-0.05798674141499291,0.016813353073092736,0.07390298669142248,-0.051237720558420796,-0.045269251364986315,0.0428187956366843,-0.06761325855895463,0.008656233133433134,-0.011001234755727698,-0.051914673896175566,0.0395202995518201,-0.01796077480267371,-0.07098467728558844,-0.06287191561533823,0.0469301836394367,-0.042398149836515464,0.007738119478059779,-0.02313811451599465,0.009617686138723599,0.0019320493394207258,-0.02223341168847162
touch.duration_skew,-0.049989559668863474,0.04263611391596611,0.04781107036592363,-0.08802318091316551,-0.08226420901287596,0.10324069695394797,0.09013775548314379,-0.1618550438649241,-0.22077547569292202,-0.11823669080566669,-0.00466099654924769,-0.17129507758484713,0.01028783426126751,0.25895662892559634,-0.00538092833082067,0.2803346847999836,-0.06875334850559232,0.061769117893055,-0.1259016791089534,-0.13549506618433696,-0.011277003533980458,-0.3027861517042365,-0.3076380400596655,-0.32267482676507564,-0.00526009219756089,-0.22123346545692193,-0.20091531899066242,-0.08444305488137924,0.17118651888361122,-0.1353314908671898,-0.07219326035334281,-0.09631879638231058,0.301799364272665,0.18703276016419101,-0.10295296407809344,-0.07372154331051307,0.1347235570531736,-0.014659633698830988,-0.09767038404509247,0.06751560799935875,0.016991215472221294,-0.0811913802148821,-0.008216024042486659,0.006350933753490723,0.04572084543824447,-0.09101965308534313,0.020958963522910788,-0.0030761361305209206,-0.017515834683224474,0.02254813261572559,0.017073309638284948,-0.0201252839074203,0.0023762536254798693,0.032948822453614364,-0.0692376721860547,-0.017102635851547057,-0.006413301773963738,0.00933063846930062,-0.012587926867220975,0.005516801883878752,-0.019017353835928945,-0.04100815865943079,0.041024221503300526,-0.005302071245830585,-0.0016670153646139753
touchAccuracy_skew,0.02967864676460658,-0.04754001860372279,-0.05895951380884233,-0.12431151282989308,-0.004396653547752611,0.13722196973533024,-0.24094809703386447,-0.272111598688891,0.38689904137257936,-0.1281677635760804,-0.01449010413646254,-0.018448932572354602,0.0366741019946565,-0.0300533617924834,0.005526046362605633,-0.012811379062485962,0.11800668776499743,0.12807980278639103,0.009500482444116415,0.038459674710652814,0.05732669144567404,-0.038543089808837826,-0.05951321275901045,-0.015584658342177971,0.07868494563113147,-0.021119374193316588,0.11389706501765334,0.14892994643950153,-0.1417723812127513,-0.09668174573578281,-0.0998880261019491,-0.040708291073622366,0.07765023818865002,0.049445533076129575,-0.05737646036026723,-0.046232973012019646,0.19714172672259334,0.05920953175012285,0.0660494651237121,-0.2193499802205853,0.1906881727351269,0.1022412742127044,0.021206899514482867,-0.13036530427329468,0.22448500707152913,-0.033092011722478526,0.17819408547312002,0.046490321166985905,-0.0906194737187019,0.09751018720066842,-0.01625810187687192,0.07534519437028325,0.0010936210781774952,-0.05098789491677929,0.2028378833883709,-0.26821413487248397,-0.07695607974071492,-0.32879610143422444,0.04494352721459961,-0.05114369286424745,-0.07015289321565735,0.05824560925776187,-0.09088040592993868,-0.03407387635894322,-0.01956936721836902
touchAccuracy_x_skew,-0.04242963859102922,0.047156232049736395,0.08296337885807689,0.20510894226175455,0.03917767853535131,-0.1501972258093771,-0.07531116255198517,-0.08087661175291687,0.048454903690988864,-0.24718971986764465,0.019914575683189772,0.24583391144178607,-0.3725487857006983,0.197658354029354,-0.05334264757689009,0.0622818828296229,-0.12281105733893206,-0.19065174116934314,-0.043843461573271,-0.0555464252846299,-0.0008179830916895253,0.06502800925086248,-0.02267652086313344,-0.009622720089223432,0.05786917913528229,-0.0018054833508067414,-0.04739487607643898,0.2316788484647357,-0.11866966298293485,-0.03147993381290936,0.022130138273146124,-0.2211780147637013,-0.014788953821383968,8.906424776689015e-05,-0.09935937509503028,0.0012814944338244982,-0.06124001732287332,-0.09728543023281978,-0.07699515722843123,-0.0009287109920666069,0.08151528662780792,-0.07782483056909316,-0.15255379796504934,0.057775201252254764,-0.16120502066443365,0.20308480332944723,0.004882877488474838,0.10995715452561722,0.026077345832602912,-0.02877166193805856,0.08709621395298077,-0.1049866910653445,-0.11865180572634015,-0.2975990499131216,0.135669530457521,-0.20203096241681057,0.1376478222518554,0.10512574100390575,0.0024437698907350215,0.11404392574960596,-0.16317160397596647,-0.1105471436440459,0.06765760475278701,-0.007977962077086682,0.02110833788585087
touchAccuracy_y_skew,-0.03615911261160134,0.047314298881156104,-0.009834155471064683,-0.03624892444832176,0.28034529250462464,0.2545133414506955,-0.2191061444817254,0.0819356497773359,-0.12697120463879186,0.10053606966303946,-0.09514265819114409,-0.03961160497605836,-0.13805254867748135,0.06613421482765193,-0.12053690927321536,-0.21687773574507965,0.18823599156460455,0.02567538958879729,-0.28543731587182924,0.14236002082904223,-0.12475218641618471,-0.005659870632047493,-0.15746071476185594,-0.060173848234866587,0.09809976303471551,0.0017028823751267658,0.041939119160478544,-0.0595284601186479,0.058876032258507606,-0.1236112620293162,0.06191735633086865,-0.07823220176738938,-0.08631459504006755,0.0016505978719707076,0.025761773250068766,-0.008028497486641596,0.05427475715677016,0.018002413168780915,0.031399540462020384,-0.057444243346511756,-0.0862516956955568,0.09923279377582445,0.07813026943257698,0.00539911032466478,-0.1144955991632995,0.12441536813979252,-0.05644665589338575,-0.04975173594244908,0.1273321810251192,-0.18846218507651277,0.018247583650200582,-0.01756799334192697,-0.02621876030226173,-0.10056091356538154,-0.081958039572848,0.2140602752696018,0.24238219882288625,-0.2773008462155378,0.009178975891248442,-0.24363865157703854,-0.22917480206379987,-0.08500482893006105,0.06346376848982775,-0.03508643361815858,-0.02046998266229036
x_location.release_skew,0.030762883109179566,0.02364726666691563,-0.030240704367807982,-0.13986989741484734,-0.02744621095850342,-0.17715647181323277,-0.007088974963823352,-0.05861089209673624,-0.14525924467605664,-0.02755790469613889,-0.11760517715004372,0.21446912292499737,-0.1971289021281252,-0.1092239341046466,-0.01162521319755111,0.05013444902651968,0.021063909224798255,0.5427702452927456,-0.036488527158257095,-0.3774474269083522,-0.008300377776688739,-0.03581882490291144,-0.19177370878068223,0.25429143281041333,-0.07566735937307456,-0.023388136059904224,-0.013112348135893348,-0.053673376373090234,-0.06626033903983454,-0.17514593920520033,0.07228883055309723,0.0240124174479247,-0.22308137653058757,-0.003387823973604931,0.034770187429568056,-0.05489843090334913,0.00404062022638502,0.09141058451150504,0.02298441082903895,0.13372890193020026,0.005894926186147415,0.06714167073539894,0.025319606318300006,-0.08894202153388944,0.17579499488551642,0.15482566179477816,-0.051269670158249236,0.06345710205821403,0.004322034414346906,0.017235412315972903,-0.051890272409325894,-0.006619293875388305,-0.20123042032496408,-0.029971276275219914,-0.017221199550399385,0.08590598181827537,-0.03916268401802265,0.04841560376589394,0.0010211663937338272,0.004742644489923471,0.014098800325640128,0.02729195267477049,-0.04095311970292286,-0.012795394386067721,-0.03498705137629313
y_location.release_skew,0.1711516825735516,-0.01360591693521404,0.07968233009549827,0.02545096395024983,0.06147051794174263,-0.030944542002120136,-0.03997572183219981,-0.10587368664056698,-0.12336785600931893,-0.04497121472734952,-0.19935377988043326,-0.2820481925342473,0.0042051574800923,0.06198659123121862,-0.1156561560764682,0.12485243049617394,0.13789694580980402,-0.04848684773199494,0.013566194007954804,-0.14257809517523276,0.18132225562852947,0.40409915547541225,0.0419009777798494,0.028311251147825563,-0.07407900003265697,-0.07488001752764739,0.06702896823270717,0.21347350762719533,0.21472944993014476,0.05242327464764029,-0.10047973258417178,-0.00030762312641649525,-0.136903869748194,0.064876243386956,-0.05992904326079882,-0.14725288181863116,0.04078303175399122,0.022362307587214893,0.16415309055489632,-0.15742104086861303,-0.04370408843346943,-0.25511742587233643,0.11293211640813623,0.2762171146261441,0.09480189622041331,0.04497884131914216,0.09306244092736138,-0.001153778125915236,-0.16197162571487342,-0.1010774757449268,0.19981139313513663,0.09896248787470714,-0.17265895725937344,0.007384208985158262,-0.030590435927423835,0.08166078791893545,0.032579017450056424,0.00167681892117145,-0.018575433475099996,-0.02823805141604219,0.10032492961046238,0.02032068558037762,-0.02969912214214577,0.02884621705456843,-0.00520993136690219
x_location.down_kurt,0.07359000821831985,0.07132168253986278,-0.018035359065109016,0.04847012536575371,-0.22752588982935007,0.10509015819967245,-0.25578122144059556,0.035356740802904116,-0.14428893348996003,-0.13529630507123414,-0.032693618125650394,0.1774945428304171,0.22868096313272118,0.050865921424291,-0.1653846898275326,0.002104706184745668,0.06690261853309065,-0.050092277388164276,0.16523876666513376,-0.007682595372044163,-0.05743690012755504,0.10410226310850046,-0.14804712416546947,-0.23332144087478437,-0.3002091532363282,-0.016751564191294456,0.10743500886158971,0.041037908521225436,-0.10866876673273776,-0.052808188237765064,0.2884858702744981,0.07823988409536572,-0.10854472829847603,-0.26085427156053714,-0.10694971410974399,-0.01949277879980474,0.04722296748407723,-0.04273077177799985,-0.0897957902514936,0.09859023314844334,0.022599719383775346,-0.01771684871926934,-0.1367276680061007,-0.0725826299675779,-0.015483277955610893,-0.0020248926728004546,0.08235304458287668,0.19059207090563365,-0.20572766513569216,-0.15826612818854693,-0.0015260706327497597,0.10653404817456066,0.18853652056156872,0.04274407814272929,-0.06405303355163124,0.09286413902311291,-0.10349835076882245,-0.05059901592613732,-0.09533084716033963,0.03748478850079412,-0.05449875495831296,-0.17480185584600494,-0.03775032187284083,-0.031602848402857577,-0.028677624214324182
y_location.down_kurt,0.04884295259936373,0.10320332312894637,-0.0009387621052070832,-0.030633738411013876,0.06157275707182417,-0.15953096178486234,-0.13588320193404985,0.10103847882902803,0.010546143634571369,-0.09719097542043754,-0.15781800237075372,-0.16633526525958617,0.16996336735133272,0.35487799403727793,-0.0339655690862759,0.034995180565099086,-0.19040121159710582,0.024210939229863875,0.22054236160171475,0.095071385109588,-0.40574667444611734,-0.02746659366298984,-0.1428936591858424,0.2717730058904878,-0.009043454283710527,0.11573929976796635,0.04280881420711897,0.06067002855220004,-0.11291481109806017,-0.11709154672925091,-0.29068202209287963,0.10353911404920665,-0.03153273695928796,-0.047135326985488654,-0.032621494056250165,-0.010278255627754609,0.07427021227056954,0.007087816363840316,-0.09156867882461305,0.0556728717589311,-0.07243894158194744,0.004136412971126602,-0.04555377920341888,0.03400717630078197,-0.08058434114723231,0.029979965754133517,0.02690612607095979,-0.06032066777891298,0.06361467705968298,-0.15135952153165066,0.010393984716126958,-0.033877279342924387,-0.037310292259953866,0.2490096735619043,0.105761788218794,-0.09416888140483852,0.04340452612276312,0.06930916221356617,0.12387627910593148,-0.14039058569865426,-0.0357235964533216,0.11717446807141887,-0.049641875832978834,0.03652717557811066,0.005320623245148662
swipe_length_kurt,0.00450468764668299,0.12121330438379382,0.11269278546177328,0.027570608283500622,0.03336392090922667,-0.20858493688713536,-0.14706525384992344,0.09846303954620869,0.03973406968557896,-0.21557993875556053,0.12084303750651028,-0.06385631267121346,0.1625296659245386,0.051312527804545316,0.24857212486560015,-0.3274723341047457,0.09438856077103777,0.02680378048880991,-0.13691650812061376,-0.12681049989298215,0.11728585728092653,0.16456608729384514,0.014711182660350805,-0.10945070229593973,0.1255742482439395,-0.22216639746613795,-0.2792983504449682,-0.0943033355974671,-0.14857543634659132,-0.022392904309802453,-0.13701417266578453,0.12491497338028035,-0.03419042230530737,-0.06824770937114774,-0.054241345957229944,-0.19176421981791514,-0.1184836461365229,-0.010313416244340262,-0.04403894372133194,0.08798558799125981,-0.10090001403340854,0.05836296371106251,0.0197009103671124,0.036149501647851426,0.008666262782494834,0.024176603318354247,0.006079259874275364,0.032136572936701274,-0.07750230799190178,0.035400129299925934,0.08117628378683425,-0.2688455024739463,0.07144405879188187,-0.018496619522056744,-0.19197420519401706,-0.030936237834022162,-0.13561818113441995,-0.15384384170620422,0.11214289655981596,0.04835801919312491,-0.06972884646166291,0.0753891218015939,-0.030389024574475815,0.19543488183751506,0.04693058912493872
swipe_length.y_kurt,0.15100254150025286,0.12720668485187925,0.07302638134120937,0.008436494008782373,0.08171756271932852,-0.07513600440077398,-0.11593849824821828,0.13601685591892315,0.0998019492240056,-0.18684876493666372,0.18412826218012424,-0.10892505580696853,0.138070920535633,0.11533540995926397,0.11670155666790136,-0.13430508953446518,-0.03343562764781363,0.1490243585127318,0.08791602533591611,-0.011621075031601938,0.025252304337130868,-0.04184557677946306,-0.05573022294512643,0.025675940250519842,-0.0030206353017286428,0.16916086142470466,-0.11942241200391236,-0.011822879905343156,0.28011671361490104,0.04085472778805724,0.30005812606579646,-0.24236550545655447,-0.11442509417396907,0.16212925053266075,0.12361499310816704,0.18769991365384284,-0.010350612198129681,-0.2538357855173799,-0.10109191420935867,-0.10688612253019626,0.12997991080143856,0.21518198477107844,0.16518612849312855,0.09829813954316599,0.11849627654820168,-0.021277404744206183,0.17015549325528456,-0.001291126706038162,0.01113050619837749,0.015096625536765024,0.08945493492387604,-0.07728505862346338,-0.07150284572256155,0.11737558787860605,0.06286438760665868,0.00943422338227274,0.05050978886003789,0.0909278515106465,-0.23726508105138602,0.023805037985429676,0.03432311045628206,-0.08850023939853677,0.0425650188943186,-0.10906330265712279,-0.00877971357446463
button_touch_x_location_kurt,0.14656567943210577,0.0666562423634142,0.15778360588980725,-0.17323160223168163,0.051133272873699065,-0.05121435252634568,-0.03282046941225021,-0.15338395572510616,-0.1730694872082935,-0.0890013579260975,0.1785644492093558,-0.0876722058050198,-0.023684327832684787,-0.09555785013631182,-0.16196505726906874,0.022992625175763726,-0.08715624879870477,-0.20030434949426487,-0.05207193118521569,-0.07578765693485957,0.05629712231789035,-0.26241250790152004,0.0780868919734516,0.14009920904531248,0.056660136878410344,-0.024574817107440694,0.06423040660444179,0.10004355915045664,-0.04007399315348838,0.010782473194223166,0.0639535944211786,0.11895004399895695,0.07904864426822841,-0.13454245555470074,0.1082378586809613,-0.05856479635538053,0.09324522930140877,-0.2773703933159317,0.03982218693509404,-0.18364242132747005,-0.3811226760707584,0.1535783173994589,0.012926199901688008,-0.14957018048345,-0.087831650848271,0.24091347500928711,0.2014477204922691,-0.020617026480749243,-0.17945198676933263,0.04620486269537966,-0.18685569834534047,-0.018716409491438914,-0.02398449947033461,-0.07211249324648895,-0.061136865545195276,0.022056176596077573,0.0053318010686440424,0.040902302938473335,-0.02613850110966566,-0.08030930759371319,0.10966420449787255,0.07368714189509457,-0.08922741406819587,0.0585130715990159,-0.08797097302502241
button_touch_y_location_kurt,0.1713008175849104,0.033581550116856554,0.1299741933904644,0.004385952356530383,0.06877496779701389,-0.05072692183694101,-0.022890930158947588,-0.17976459077949533,-0.18597637189228725,-0.1197306704558661,0.16223008585740709,-0.15494880932401411,-0.010111417339655315,-0.1583458364050456,-0.1508245024212351,-0.07334307258670314,0.08275012205515282,-0.11768715761330455,0.028301257865221266,-0.03070239643462312,-0.0750223040650502,-0.3169687042900556,-0.022638220210024346,0.09909770915104152,0.03744892912375826,-0.0034208753197391938,0.11988966783189603,-0.02001920779032327,-0.01638709704451067,0.017210243625809307,-0.07700853911145253,0.05153268931391246,-0.12273244521537967,-0.15586193434323084,-0.13297193737007415,0.1021463140003703,-0.3684891679413207,0.029163270898234256,0.13684435530872843,0.1842130502739213,0.3245943836166489,-0.06421632390980388,-0.07240115938245612,-0.0362765377249714,0.08147009532445121,-0.2570487542151143,-0.03829360468285249,-0.25125230104883434,-0.06960054518310421,-0.07246218416326046,0.16071096433242726,-0.05347937115308761,-0.10765419728274644,-0.0198497129991054,0.02377136519680967,-0.018771164813464213,0.04903117994957623,-0.13304992866153462,-0.04568845278838743,0.060849145219059764,-0.06685935965864187,-0.023550826229508902,0.04765976986342219,-0.020652279241397252,0.017032042861789665
target_touch_x_location_kurt,0.08334877658567343,0.09073160881557335,0.09170818103461288,-0.023407031354478896,0.18851284123720083,-0.1060917522152893,-0.0579810240750818,-0.1718320821220969,0.021343293945475284,0.24575567355541347,0.2648834488865209,0.22681825834838443,0.10064096629507124,0.1489757386752512,-0.09348384494504458,0.06890070405245864,-0.016667621580710903,-0.06005833017496636,-0.08986633975909314,-0.0809967205669324,0.017103655995073946,0.00675481847512854,0.007785334092945354,-0.02799185379677919,-0.05319893454077651,0.04191516846796026,0.010826047021287134,0.08713193172635106,0.051630350748904826,-0.0621518520151321,-0.021711034884840573,-0.11492310302644665,-0.03594284563184439,-0.16490954020709345,0.5882821630555765,-0.2614467246342029,0.1274905772663756,0.17100037115729608,-0.05255274017358911,0.07984208221691438,0.10671128201274899,-0.1510843822177787,-0.00952584533626043,0.06470130142800037,0.02868334687774378,-0.19436332369941,0.004382692236893248,0.02559341240064943,0.024996218639426714,0.030903992469305724,0.03501832903327141,-0.09733732893944536,0.1226356493945326,0.06829841253682122,0.023224914714118666,-0.002812417453065797,0.0569324131203566,0.005397570970290831,0.026270595140740746,-0.02519614068147885,-0.03137552347462078,0.029930339686699104,-0.035139368631606105,0.010964457767871586,0.005315225188193579
target_touch_y_location_kurt,-0.03824035237640291,0.14814940118728318,0.2320964336205946,-0.03535035050948797,0.11883773035803563,-0.07009753638739684,-0.044934795756936395,-0.2328434257486319,-0.06928545031180725,0.22816580421173518,0.15871145424933372,0.10087617196658519,0.12429619874107199,0.07486618066603591,-0.06066430437686962,0.01992094854391298,0.03923728608788987,0.10518325046826825,0.14292797073356434,0.027196084888882546,0.0347675236935047,-0.029346866734746194,0.09933218031121595,-0.006575406029285975,0.05323927812082224,-0.04044253094318298,0.008603917809286307,-0.04288902667193545,-0.03446737579225278,0.0650133060350796,-0.014135269860004882,0.0965499004991892,-0.03720392459487219,0.07739784590100751,-0.31943343390646284,0.06514215725671406,0.040738692554779715,-0.15764933797076755,0.22187042317690325,0.1255215389085752,-0.0022491343025973776,0.08648947144085077,0.04205937532346844,0.4079051492302185,0.10329054134093443,0.039911218884199684,-0.15074223309301832,0.28837124751417337,0.17976514803687615,0.04797591883135628,-0.2247276531833417,0.09837317962122827,0.15386273205369877,-0.012046276600692098,0.0083091489212989,-0.1197572945749246,0.08037800440117002,0.010774529762218207,-0.03958722930516422,-0.10478306678578173,-0.09565497321489674,-0.028819937994990736,0.004043882698931125,0.009201335145295673,0.02459900091611366
x_location.release_kurt,0.017451939025095665,0.023272266972309524,0.0373887733871107,-0.012471091601931088,-0.21152000351206388,0.04271618423339804,-0.18832991440157226,0.014571809627937964,-0.2317005420856276,-0.11880138959386825,-0.13135673210224305,0.2363325418678606,0.11478685654733216,-0.05692429980325773,-0.22278385150426858,-0.0774761394715602,0.2045098587113174,0.10397797852387503,0.1425896608135205,0.17993572186046486,0.05237351225891595,-0.0685225659749379,0.32768694000691684,0.22194404504257292,-0.0050960142174050205,-0.01714938134674107,-0.32094664729024647,1.5976373723539106e-05,0.1808354134070217,-0.05577831781269642,-0.22072386838422514,-0.24122569561652274,0.17496033638163105,0.08640499087185007,0.067821629266184,-0.04115263386055405,-0.012980679343978379,0.02737026115034375,0.02897068899972867,-0.0003944691545680473,-0.011922107218290038,-0.016845245859447064,-0.01355529830963019,-0.09596835979673828,-0.013966301765113022,0.011010926169706944,0.0012135857838090434,0.04218795096299284,-0.03075753915383575,-0.05569753199568056,0.012340311495327244,0.018889446907999315,0.08530175176951443,-0.04880382409129246,0.026861952077854842,-0.014052115519118705,0.013602740151568354,-0.0106815466106436,-0.019310098638297954,0.01262601938275041,-0.0010542884835551894,0.1787240519434442,0.2815341803169819,-0.0344724703251339,0.022883424370194628
y_location.release_kurt,-0.20629337528140348,0.027608553006131326,0.028506021909972618,-0.09270778508070221,-0.11219086830510541,0.002252898493375094,-0.025754699949334905,0.08955552680027394,0.032449284859372714,-0.05051489367573914,0.21558745266532386,0.25385731740349465,0.030519915507551496,-0.03879339369415358,0.12055255773687248,-0.15206386333541408,-0.07572383091631948,0.014911860164335142,0.004820523811705578,0.13727417764226857,-0.14760676289733557,-0.29582735833073426,0.06887033458326089,-0.036917231151096117,0.039342454663619,0.046563531995115835,-0.014574187238717996,-0.07994149279042455,-0.1540106676344454,-0.052968732727699454,0.08024989285346455,0.09360117642026393,-0.03084334737868007,0.10226120847595337,-0.05302257911584324,-0.13320633694864703,0.18856691088696506,0.07076617680625497,0.11560543025507534,-0.19116423524564394,-0.059290168718013556,-0.2642777332870073,0.02626088404659569,0.2812109699850555,0.07689149059167133,0.005178846046679543,0.024747706832655477,-0.04457412503259593,-0.16846299092358724,-0.12257770438716187,0.3448887963790129,0.18510290412890584,-0.2620979868398893,-0.03263514898619242,-0.046130878448969924,0.09741593302103788,0.03251569486589169,0.062498846783939355,0.009190799369789933,-0.015868797986705693,0.09323865452308745,-0.0012273526595178198,-0.012006205184026793,0.03786280727891595,-0.037840792904676596
touchAccuracy_kurt,-0.1091622278873324,0.16569374601564757,-0.09939878588829709,-0.06426152546286804,-0.07724472661488371,-0.1942495632021565,0.07492603660825795,0.029549936233915226,0.03442038808770756,0.07255612690269174,0.06383571466756696,-0.12618544318248961,-0.09960931803608966,0.03935311283610645,-0.4290319966335192,-0.10705058816382611,0.07474860977533945,0.0066246616408668435,0.07740875338978341,0.03177751421820625,0.12215448830675166,0.011492417392187244,-0.03921891460604908,-0.10826320760458179,0.08693413601689193,0.10077301174771343,0.033524315997799384,-0.04973710444512398,-0.10456149016980139,0.0948987680215704,-0.030811523683004743,-0.12003186621484517,-0.025410249482127275,0.17310734298352604,-0.017734394568041784,-0.009818321624728026,-0.042916092309191176,0.20031320065731667,-0.2540698550458017,0.05988173778430889,-0.22606779036104804,0.26354642896863695,-0.2151007032865122,0.2247837768566121,0.1279615377155898,-0.14634103483960562,0.12834823648469657,-0.056045946569008444,-0.11619236090125779,0.010340765460572776,-0.023575032086281804,0.001036392222043249,-0.048030089863583,-0.09501708964276653,0.1931474402204768,0.18253759152094007,-0.11044542744160561,-0.03766243607269761,0.17361976122450187,0.025612948673090052,0.034415258329020856,-0.08087724247047823,5.2037973964358386e-05,-0.028443951060269992,0.02161228768667381
x_location.down_std,-0.10300018804690317,-0.08866977958649862,-0.04758797596767865,-0.03183784516369989,0.2716134190673004,-0.164266544702812,0.18789825118367662,-0.10242835585767002,0.11043727569990382,0.09196725663840433,0.04414308218581039,-0.24104513160539262,-0.18428897282644602,-0.04966867391859057,0.10438058016309258,-0.10962365228076489,0.05660429651687041,0.0477408069275176,0.036193576562674606,-0.03376695606778972,-0.15465446693807802,-0.1010719196152796,0.1589626193463815,0.15097301103682906,-0.1625522138257944,0.02943115696993727,-0.23798679751476054,0.0533604003629507,0.06197961717177176,-0.06551312634064821,-0.04205056152514327,-0.13502066795861972,0.08818937040063092,-0.054996272138423286,-0.05855402491835417,-0.046100946632624464,0.015760101717803336,0.0028649794433582843,-0.04897088618817407,-0.03780788787769952,0.05301959970637613,-0.038551239193231786,-0.19684181856897914,-0.055914511289614915,0.0647858996032865,0.12420304524400248,0.006991457316079761,0.19452460164210847,-0.2181278773894224,-0.27665066495069596,0.07195139480005444,0.1650592723943639,0.31513024644954124,0.06818618607047365,-0.08483428983302511,0.08367491558463316,-0.08692163606798767,-0.055861733385876945,-0.07517596281426622,0.06863336629756918,-0.07100618097995803,-0.21295948054534605,-0.1012745548300055,-0.047758339186262606,-0.061878548320364796
y_location.down_std,-0.0966246437918291,-0.1134168386360403,-0.11928471227503243,0.016293201082353326,-0.08686062277642378,0.14849759785406003,-0.0981008705304345,-0.08559443782755716,-0.1472203963756933,0.0263042559475396,0.37069091603465876,-0.046119289017233785,-0.19207784683834633,-0.2276283715098421,0.0012316371981201599,-0.15905045048362373,-0.029029773327171833,0.04629144856540752,0.041800948167892704,-0.10336699409940416,0.06418154136837645,0.21636773147240912,-0.04465634730157589,-0.09223439615658394,-0.08217941242069107,-0.036255204080592865,-0.10282694670173989,0.03139610711572879,0.061823551347834495,0.0855753684670937,-0.024172624511273694,-0.03461762526359427,0.10649869241651425,-0.03894944154513506,-0.01672277494627982,0.1735091213833026,0.16312052896366222,-0.07600665148026317,0.02753567680811492,0.15554535020317595,0.039891646743276166,-0.008976906015320682,-0.13367474106844723,0.00018184198220932632,-0.037987361578953834,0.031247245571939215,0.1392291975438637,-0.03780530020844371,0.06906698687849591,-0.25495592005579454,0.03023836774840647,-0.053285307761008566,-0.12626882286562105,0.30037326525499675,0.16081397137599482,-0.11490204902131382,0.030514092881953434,0.15055824531245238,0.1729232289896257,-0.21261974163714714,-0.10809413084386732,0.2065113140120971,-0.08448625019784713,0.09499884488032878,-0.01108083249980174
swipe_length_std,-0.008843182710918569,-0.06201387888128742,-0.330671029338911,0.13111863537304377,0.1457624298901808,0.056014056315869615,-0.05846250208150167,-0.13478265636167724,-0.10550717350725547,0.07084025816346019,-0.13507295740866232,0.06886343263333677,0.0902649926994188,-0.0017229450615539894,-0.014224452472553148,-0.029132666852627935,-0.03768247191580719,-0.16450326400570892,0.2242275647958439,-0.22545205873713614,-0.016034663064663213,-0.1550538464432014,0.008096313391162367,-0.00032453895450483203,0.14466410173038066,0.12653970511546722,-0.03759547481192333,-0.033070120232524286,0.010627649794824499,-0.0033071904379558675,0.09713891214216867,-0.03926437387874777,0.019354495181194614,0.09365076283232183,0.00857983585890448,-0.026050176280327953,-0.02376039011048791,-0.0037586966804588756,-0.004580013108186967,-0.025221665342751776,-0.0004704506145676024,0.005076046331058805,0.16186001667786834,0.022239025983051584,0.032452449453555895,0.07012306666450087,0.09811540754226833,0.007892542095484782,0.03206433313169593,0.002917229950663562,0.036394970341542224,0.056510163847037706,0.007013339552034638,-0.03140412029351003,0.0364948138346763,0.13409523832282075,-0.11731928935388251,-0.006579018097414112,-0.09358592509898103,0.12002171431715204,-0.2490927418889074,0.11116394021498097,-0.13312623057792766,0.4236126361438803,0.4275182223567284
swipe_length.x_std,-0.1795018043429193,-0.0773789691470556,-0.19009747566221577,0.023839284865997346,0.1318423129253484,-0.055171667767826935,0.00924606129502907,-0.08022722707176255,-0.09488470157828842,-0.0525861317392293,-0.12866777658190384,0.10633040339093702,0.18044475346363525,0.0848584161714187,0.034686651795346024,-0.15006350441063868,0.05325452364953595,-0.11389700838966747,0.07103466695550405,-0.2645153003324107,0.04743541846782006,-0.1422155626931081,0.009695680990825663,0.005325742849611029,0.011605440792318213,0.18169421740277064,0.22318410914981454,0.12335942219366765,0.1624442686338958,0.070521283572477,0.05281648477785712,-0.054267463284967635,0.039526296553566834,0.08528593431439094,-0.005221166899400571,0.2649435521338897,0.09796164646445035,0.06781883248415983,0.05624016278641249,0.06389751202942479,-0.0601652936231172,-0.0020566785052183525,-0.010397267269173678,0.05590492271409555,-0.017839669981085167,-0.001885566419437293,-0.05712745450473267,0.0846777748582306,-0.03858002105161219,-0.009736286242041425,0.1207708938459335,-0.22679538608516703,0.041353409328641455,-0.07207631286946029,-0.2798028682268524,-0.14905558269307861,-0.10266715855447696,-0.0890290599296734,0.26637743843540446,-0.01144130887478848,0.05799090194106657,0.09146807083322192,0.045931023021397094,-0.1427753024496602,-0.35975398157986954
swipe_length.y_std,0.015505243450840273,-0.11674620544552813,-0.2859783363183109,0.11771206445279599,-0.04432277209606342,0.13672536772584407,-0.08494338520751546,-0.15545596774737638,-0.12255529580514427,0.19642123759149022,-0.00523855964496283,0.03162428625709987,-0.12119422151423107,-0.07758509723667487,-0.04056344895676811,0.08364911759639257,-0.13445520696265745,-0.09784953458613146,0.16257657646076057,0.005082337679670194,-0.014225132552862979,0.03285109741028726,-0.03625574720163595,0.06304532754463187,0.13067009412037175,-0.03249421522830123,-0.16998571245520872,-0.08453641197940501,-0.17608474949451583,-0.020477732775436255,-0.05854358408361353,0.04284077507242792,-0.12019598975533569,-0.016180165589684253,-0.07431105469212104,-0.29348181713755,-0.036718139037035,-0.08249077757224352,-0.06282220706329392,-0.14106702467835344,-0.020388099344993853,0.18234938959847394,0.02832563295719772,0.12371881643958851,0.06554180375228047,-0.004234540439769313,0.025990518399933722,0.015031697041962796,0.015047801281600402,0.04797444676497833,0.148487491879922,-0.323406905786317,0.0068998121682611185,0.2599860936359713,-0.09085413894525896,-0.08687800871699916,0.08067128562845371,-0.10093000460196397,-0.21129544281293908,0.06287934512029904,0.13466554082974685,-0.1412825170927106,0.13929957697410744,-0.18266768318093504,-0.20200261666725033
button_touch_x_location_std,-0.27855893122615494,0.08256920919982631,-0.0060198680692201394,0.08449770627035483,-0.04076337492785302,0.03332906909744645,-0.024226787612438717,-0.05078536111925303,0.017897397019462948,0.04475991025372893,-0.1209860865449362,-0.04458149913055193,0.0018290992967508121,-0.0001977415628018342,0.10180140226768371,0.04322891476628904,0.04215612816793874,0.03238976468784887,0.08926990711666083,0.05076326381535837,-0.02496182757610504,0.07224616444969371,-0.024348993094227497,0.009428352459636549,-0.007209112457505912,0.05926841552605052,0.03519877045483322,-0.15561935595210957,0.002844589385608415,-0.026606842146633183,0.022555383357310877,-0.07742020104330012,0.02415035009636929,-0.023884273190820503,0.05135733733690334,-0.05291943018735738,-0.07362432843624722,-0.03251525434098826,-0.0987690652446444,0.08971396497995818,0.17544174633767448,-0.008601531181349275,-0.09276748009550552,0.12221067131848444,0.09250364716777901,0.008550417070048014,0.06836371599514918,-0.20663089734755552,-0.3242067007957204,-0.08879800283949751,-0.2339000670383367,-0.14812337467011977,0.06184976361133866,-0.3062700593089557,-0.10199926841579657,-0.08908777761320337,0.2267689139807897,0.07399628460757124,-0.2911100737791257,-0.266233841270365,0.1518359496685159,0.23418229052797757,-0.18947273561865116,0.1691336342076316,-0.11551810675071648
target_touch_x_location_std,-0.2309420233200727,0.06309305548779098,0.0491521153026585,0.031244272403228055,0.060263548937582956,-0.011608155004580761,0.009954800270006156,-0.05729026428854082,0.10725327350915925,0.23980938532248716,-0.007318471893679977,0.08435396140315868,0.0863637167011538,0.18708167311915452,0.04651258543104824,0.11382768530710687,0.06363050502403642,0.048053035905478964,0.1259714259619415,0.02810359013269756,-0.0059252347630292575,0.09484150024328758,-0.06438822860190799,-0.07138420070796615,0.11290086989145272,-0.020512635343730778,-0.0514076028510671,0.010278273355367839,0.016600349726672334,-0.02753272040868257,0.008488133722369284,-0.10872668930155029,0.03466051359391181,0.043437171528156855,0.040768557115585614,-0.12239674464949513,-0.22044621409828866,-0.2760867500898796,0.3978667087240722,0.20896440272261596,-0.02148033894486383,0.19035577480230098,-0.055734124201910734,-0.26107986956519275,-0.23994397840112802,-0.05371967719828475,0.15365990775204125,0.019049158691711088,-0.1370057168042756,-0.05727893150859867,0.14176880791173174,0.13246458435994418,-0.25781654746098037,0.03186336607449603,0.030553670706434565,0.12103642018155081,-0.08624010619483703,-0.07765140316203026,0.08480136675642155,0.07052457410199736,0.10449316032611006,0.022543545022747753,-0.053227516813843544,-0.062240897837628234,-0.053003547599570267
x_location.release_std,-0.012798100831106662,-0.06946765093552586,-0.21193516212646266,0.04528122070515172,0.3041383992060234,-0.1816944362572578,0.16790049870556745,-0.1471177897227665,-0.021676697704946547,-0.17515044905098043,0.059697926140622116,-0.01872793547608483,0.10668076077934663,-0.10394494092199805,-0.017297201084792574,0.078166529227623,-0.14721855124566985,0.06396238289605956,-0.15269211511237823,0.193717139202257,-0.052835926306262805,0.12269183904910176,-0.0904001974329593,-0.10025337418888627,-0.07283162196606521,-0.009355904619726824,0.048673218723531114,-0.05080865439372484,-0.08505669321390562,-0.018068995741505688,0.09270280899166827,0.09449691224800866,-0.10761681629110076,0.03763561687702116,-0.00217580858403199,-0.02686427176098192,0.0762058744691722,-0.08512131344135551,0.007059867498170516,0.09408278680474333,-0.032646627444266635,0.018064896433341505,-0.017974812062861965,-0.014067748529984249,0.01653344936866101,-0.02736125775476537,0.08600548218554067,0.0714864280052163,-0.09841837379825624,-0.059302258209503744,0.011509885295808663,0.10320984015175375,0.06182766611236566,-0.08300838177955813,0.055125772351720975,0.008929906767971105,-0.015161557580660968,-0.042075204673418604,-0.07285089389529166,-0.008619899178242837,0.03347557537635188,0.3616150220715778,0.5616491854987757,-0.03337046228692882,0.07853251364962315
touchAccuracy_std,0.08482243861757001,0.28996121134468095,-0.20049520463509285,0.03136171480700291,-0.04585654561607311,0.07923065388431075,0.13219267439503743,-0.020401897905763054,0.06262589403176275,0.020273196635804486,0.008636958962819255,0.024411029333463716,0.009611974843298513,0.02530790873634151,0.012791948836104693,-0.07067362728495263,0.00971685931267028,0.013102972462584128,-0.06367982587561574,-0.009773933057091197,0.024605352582551657,-0.003830910131148474,0.031126033995391437,0.10380651610048022,-0.006475752062034157,-0.0423462381116144,0.025835368534910155,0.042364333683248614,0.11635613061540324,-0.05126764807895798,0.003720469770342502,-0.050656595248729286,-0.058630609295835176,-0.08041882120023541,-0.10111102406040995,-0.0071450138944587835,0.04230683777281878,-0.10452420675634953,-0.05854328892369373,0.14567231352422946,-0.10194260285584962,-0.05702985168856001,-0.059728182431264154,-0.13080452521435593,0.09502056085905311,-0.07033035018900184,0.05522998454993653,0.021071924090050778,0.1988805048720544,0.08773699337398937,0.18484305211766797,0.16001169967545018,0.07148683122634115,-0.02656778088591747,0.10116917204044565,-0.08739103856990374,0.18256592776992864,-0.08325471312720464,0.017469929544387294,-0.05414224813516906,0.24581521480067411,-0.2006658290001436,0.12460404420756559,0.5552774154737882,-0.28715855043174565
x_location.down_max,-0.24589149882758574,0.0076016194565660744,0.06927363128309168,0.04593491785905377,0.03776078359819717,-0.07969030701671108,-0.03831289302265531,-0.07828667377270374,-3.5544604866169505e-05,0.02106800368020713,-0.053701972629556255,-0.13449263986366183,0.010685823479970852,-0.04121172848302044,-0.05349246289733954,-0.03210979776707232,0.006862177978218961,0.011734102423715434,-0.0746064378762845,-0.0963538220862534,-0.050569064307126654,0.02582066688684466,0.0786371378582935,0.0788930147855528,-0.25668365912230184,0.1482752122509075,-0.11572229131718233,-0.05329617822890567,-0.0064316246024552215,-0.18166452480144396,0.20814005857455029,-0.1048940311828833,0.2188184132788632,-0.43408611482081705,-0.2493774793947418,-0.09699898367308803,-0.01336771214037576,0.08700714424854111,-0.04785935613302822,-0.1969565267715772,0.032082771199045235,0.07341753979050289,0.2562730697575939,0.09730052401930642,-0.16883852168461042,-0.2744991312772232,0.1018118059501187,0.07352314424789062,0.14781479320441818,0.14422705243308398,-0.03648266374346752,-0.043987496693400754,-0.166610629711611,-0.040038020627159346,0.07170703731443501,0.0399917444588334,0.01045027256593914,0.026836147445254144,0.11492340333788928,0.01002866922657325,0.06267126708607433,0.08352089791334362,0.05155855537248066,0.014155234277026599,-0.009275530628112486
y_location.down_max,-0.2073005246106319,0.05074163776383189,-0.023372393953190563,-0.08804126325045762,0.015881313792274594,0.09834763344002045,-0.11986208466421595,-0.05042943830051153,-0.09241622989243875,-0.0773789067411316,0.1868760423501884,-0.11450487862873182,-0.10250264749909196,-0.05009866794218901,-0.06142262879691485,-0.05266863523989486,-0.05791600013176976,0.021403812667829702,0.21761049957440354,-0.0970449490101232,-0.1970798099477534,0.2511133667022504,-0.14361137646573374,0.03690488164534553,-0.05856489983079028,0.05979550033111331,-0.11302354175544735,0.0384712657585995,-0.13277160521503462,0.056827871929231485,-0.28097013531626425,0.0951936861808149,0.08224858347216878,-0.005592304244942524,0.25378325628325776,0.28491380576957087,0.08885869292391728,-0.17096155689679124,-0.035389978023584304,-0.008796628167977175,-0.045618383260019144,-0.08021173021557032,0.1497565791068189,-0.020537619678300405,0.010659828811966393,-0.15327766729478623,-0.1534144552088176,0.04139210214226099,0.01860699873688155,0.20226744564038168,0.03720396278182282,0.14322648337135938,-0.033629459234560136,-0.2842692984943567,-0.14480665991730188,0.08396099323336746,-0.027423035400583703,-0.1319464027047179,-0.13186947577953326,0.1255297677619296,0.07280816493385106,-0.1359500501369042,0.047635492315527606,-0.013433568500525721,0.02987379638952654
swipe_length_max,-0.16137958852055234,-0.04210102335498316,-0.17757760165025568,0.0857878141565093,0.10127317684385807,-0.16480579207886306,-0.15436114188015032,-0.05893863974994583,-0.11279000843486105,-0.0711806452128462,-0.02335447126943792,0.024258064933902247,0.1805963801478174,0.08479853367491637,0.14314250003793835,-0.2011733043792108,0.1415129301017395,-0.1007764599050117,-0.03554389546509423,-0.2885508090432008,0.13981843850557485,-0.0379575254508331,0.02784255733365564,-0.07865378821411838,0.175996442438868,-0.10471039961560255,-0.007634185995463946,-0.012840337647741788,-0.05921812137449814,-0.012170304676520007,-0.11040937740814818,0.10058233472382078,0.001958098170923496,-0.037317997222148694,-0.0024575926724808243,-0.03486103714033995,-0.051082919659573164,0.050167337799755546,-0.06735308564834852,-0.07277262655599981,-0.021049986986427627,-0.08090516974372076,-0.03452086837611859,-0.11933082478596481,-0.01212209877397264,-0.020682838867526265,0.003642096683007759,-0.12523925576047631,0.11302205624370723,-0.028125341779465705,-0.1690891482867775,0.33178602891901365,0.025028488641617018,0.03920306087777126,0.2993773639163547,0.043417347620532065,0.1746488193224131,0.20043857389146075,-0.1581929751920027,-0.09868362362071054,0.14209847419486704,-0.14846611628573136,0.04035738815679645,-0.2904912121468739,-0.04721676163831247
swipe_length.y_max,0.03847595812618294,-0.1132787846907878,-0.22755853829904565,0.07326385406949726,-0.10393574021084931,-0.06080721837957002,-0.24692471158908894,0.031259482191601705,-0.1485669211993506,0.06321646614482589,0.24175797228426973,-0.1534997956662735,-0.023916533031308536,0.17047529765096878,0.11823773031213758,0.1574674584830664,-0.04693634729507541,0.06362876378835038,-0.01504251270345465,0.09911244422965872,0.08466860751081678,-0.028154425802147373,0.02165164575531016,0.09171218728491029,0.02047700533722882,-0.0016650532789620753,0.02232872309468454,0.008697913233577048,0.14466139527115943,-0.027168449949956562,0.09022123882322922,0.00412876537522721,-0.16388411297325234,0.008986362641251813,-0.008251223340495412,-0.13899920212962155,-0.08760669629011389,-0.11713760456733435,-0.04546159580527744,-0.2985075697275705,0.05513783783833955,0.1370442445061235,-0.16224580539777797,-0.09527342149022827,0.06167649949221847,-0.18859981817754895,-0.38694791250342564,0.06564446753855938,-0.029114916834943577,-0.0900962094161995,-0.043906009372396984,0.1362820523683215,-0.013990326546947027,-0.22641284902885084,-0.08753617546621686,-0.04984581388779555,-0.07579093275745294,0.07561783591391126,0.28740844892665396,-0.07521962256490378,0.001120207872563556,0.05344207551582153,-0.021167081487477882,0.08225219251116972,0.03524915983662172
x_location.release_max,-0.14292385559731882,-0.039550972572713124,-0.14070403847142546,0.13643586704383914,0.10099016965033558,-0.12417164927138623,0.008437318565949647,-0.11780906533472656,-0.12242829781774309,-0.17208187875958875,-0.05000150346127534,0.09657391615816022,0.20542470457985232,-0.1540112497084389,-0.16758223708196213,0.10039701338616261,-0.0674496583188279,0.18623974616986566,-0.22395227918124405,0.1417875088269871,-0.021436521603837938,0.01945132012529019,0.04952802475159475,0.03798319121953321,-0.26625184008379943,-0.15038629572280382,-0.07314271392528118,0.01098629626375907,-0.12376399586137016,-0.016477384847097043,0.0019285075292097692,-0.04202312107366406,-0.0955223281845577,0.2585369195344449,0.09427326292494494,0.106994792854491,-0.09524869652907308,-0.09779364305256551,0.13256752262801028,-0.1501382243303032,-0.05002179621879403,0.020365907187926587,0.024110097669782816,0.0987369033001953,-0.21133469113835696,-0.09867601451803047,0.0539506322808343,-0.22546784519671587,0.013560722775425915,0.06865053765740196,0.029636292302244384,-0.03919888435951311,0.15832402159378714,0.07206485126803966,0.026944654781743824,-0.12122876813419087,0.05101000971700007,-0.011462155072407734,0.09272418347418268,-0.007943881072830963,-0.039170866555312184,-0.23165645274034052,-0.32806741417619023,0.07203253746034417,-0.010335676154763662
y_location.release_max,0.009454678473589133,0.03491789132396437,-0.12664415577306898,-0.021500630007224682,-0.040423142847279436,-0.022803519030288745,-0.06449464907789182,0.11126685099424467,-0.013330572109209876,-0.06220902580760202,0.19095470257887215,-0.1526072362737284,0.020257624622617546,0.04019873271944946,0.042431108147640714,0.4098209262063673,0.4795872294095064,-0.13075695605171272,-0.10150651753609513,-0.11796351043715061,-0.21941836846957224,0.07742002312260376,0.17700877791116618,0.2258904174573448,0.1782362816714475,-0.021474006902134878,-0.03169981458575215,-0.16458825945664565,-0.26594835915732795,0.00982623475308278,0.25232276156150213,-0.0987563871612607,-0.015669574677367726,0.10105448385425961,-0.019266370920120443,0.09130018329314407,0.1757826421649604,0.028130894914286254,0.03193966931026084,0.15066241732819338,-0.006622018064682236,-0.12377893074525247,-0.0025743786143134183,-0.00025375934411215467,-0.03649924490888379,-0.004887595207098007,0.09071705925781579,0.017209300880640564,4.9155280155765285e-05,0.0712754691385292,0.001620445678596101,-0.06108514359064946,0.025957055658270466,0.029345689065595492,-0.014175132757316532,-0.014253603260332356,0.006177042304764402,-0.004599881366605062,0.03829642545731475,-0.010224970299929984,-0.01552440363812158,-0.01882142317056762,0.02785554529045916,-0.043327115482194874,0.00839657911856928
touchAccuracy_max,0.08176376245656063,0.20630336306060232,-0.22968169651703832,-0.06920181406241385,-0.03809232424511464,0.12294009633829124,-0.06106917242964699,-0.17422188987649628,0.2492850260063262,-0.05053968438577003,-0.015082403692712923,-0.002789552496308023,0.008035774940008664,-0.02808978074351491,0.04545736146008734,-0.012358379654095863,0.05140740293797997,0.06971697023317013,-0.07621652493707076,0.048052681364026226,0.04744083902943352,-0.02393359145338677,-0.02912921770573447,0.06636942915780755,-0.003194506182807838,-0.01570480134610683,-0.009781328900767307,0.14704274389942898,0.010234827105900457,0.010476832843580086,-0.09134502840612474,-0.059925531729947926,-0.0186622705575495,-0.1305835900309144,-0.07781560881224667,0.008006106093848542,-0.02445920206465959,0.05106192080877367,0.0573794155292027,0.06262188596065055,-0.17761740113444766,0.08064555456144099,-0.19216043824969775,0.06378001420148606,-0.01620709066846636,-0.15698028282496818,0.15305575233036053,-0.0797094842617521,0.10594718358264563,0.08074197684082979,0.06640442179910441,0.11468054321064457,-0.010052821586952414,-0.012460829735625817,-0.49355957336574047,0.030536339871109208,0.15380651188519237,0.376547870048924,-0.07406595346061162,0.055326435284960625,-0.18623296386592414,0.07304166981920168,-0.028151929757524397,-0.17784514842044144,0.1501358563063988
touchAccuracy_x_max,0.009029420850873621,0.24055399698168656,-0.09954202162496092,0.2411307233574565,0.019648577294030075,-0.011012173297809964,0.03315481035325636,-0.024535029097922774,0.06820252171625027,-0.1570213473508545,0.045587884746634125,0.18154669724928468,-0.21935291092854475,0.12085434306153363,0.027674560506058696,0.01218565322455505,0.06170574614842473,-0.09500257516391028,-0.0012146948994673987,0.06628040614286956,0.10792069238555313,-0.05761177121882389,-0.137666478799421,0.13660760662472435,-0.030289865668837394,-0.04471549593663644,-0.060402930313976866,0.03526250814802193,-0.011248028153003575,0.012096988622317076,-0.027690277311890103,0.033490881557567076,0.04349690957552613,0.012414895965169759,0.020361800734899096,0.11407767812140115,-0.04056600836408921,-0.043173880900952435,0.08337296453189887,-0.18595496816402457,0.17981632748846643,-0.14922720321625274,-0.07534223516781074,0.12865582315854063,0.01812444734661258,-0.02992110314590784,0.08261684881903097,-0.027044888727161667,0.09550286345033594,-0.07038675336817235,-0.4046678817211333,0.027402992826640313,-0.034938237963189234,0.2605288190409448,-0.17312820734446283,0.30652489899914914,-0.18549068212240438,-0.23123716161675234,0.07535269391282953,-0.008874715731558652,0.20840244173478098,0.08639659519619054,0.02799793349663078,0.025038452662087894,-0.01888282158035272
touchAccuracy_y_max,0.032390308643418894,0.21449348029042387,-0.16214633975262685,-0.007227542019037493,0.17337617937870492,0.2269854638977764,-0.107438311393215,0.10896813117108115,-0.0807948381963722,-0.01121881834545086,-0.03811265403201847,-0.05181977995546077,-0.10548409359432721,0.06469427082969148,-0.08162150554667823,-0.0897019342208387,0.049466069421781694,0.14716038300703382,-0.18635387250509652,-0.022753007604340954,-0.18997266182320746,-0.03160606497840093,0.1359103894569086,-0.11410822887979907,0.045727607744325625,-0.051467752761749586,0.08710673430686919,0.08244740396619266,0.028394098186892758,0.04910828735592622,-0.036444451282067594,0.008064747973522527,0.08803238872797128,-0.14960116506811227,0.028255412267258945,-0.07735551136708739,0.0787559445802185,-0.007986436918317796,0.16809693176758067,0.038360235869161284,0.15451949318015407,0.13650732606851904,-0.03486568308546332,0.19977152111153262,-0.08817401170399465,0.13290888690249342,-0.15525827134210418,-0.15251852936642046,-0.08952796593461242,0.07080470026384277,-0.0036683900527842636,-0.02619435794805758,0.04958146329827761,-0.012546366425124057,0.15207859032069437,-0.12891334672809757,-0.45426283204759943,0.25405261631622944,-0.11705691449539442,0.1501559775064439,0.1842811803879318,-0.0011161135999679453,0.03309603616804008,0.027855847576621903,-0.026568776647707064
x_location.down_min,0.0010673466028765033,-0.0024658328455501293,0.086816239157298,0.1783436096785235,-0.09107181057145958,0.1493395475961114,-0.039680010344087,0.046073491885752,0.07694007611019194,0.019050564991019883,0.03647754579306306,0.014393045945339286,0.2257691207044255,-0.054071368728276614,-0.20678237040647746,0.06950873132327964,-0.3406817495478687,0.09264252651967178,-0.39068460351498197,-0.20537883539444698,0.13005537414799803,0.13943921915493446,-0.04593623173999581,0.2646009255689484,0.35101569345502515,0.28554474093517146,-0.026768395666738498,-0.12399952476802635,-0.0009691567213437474,-0.0640591469249937,-0.034492034258888395,0.059560251788918155,0.19526380240921448,-0.03358040237078838,-0.06519665028879157,0.07799413353628695,-0.017695558432777203,-0.055046754518720376,-0.015615351475263033,0.015861296941602432,0.08040933066075256,-0.05695302857753688,-0.11547537231884408,0.05716514344400686,-0.012681667129061075,-0.014315879612105946,0.0026313115500958897,0.08005575017814576,-0.12578910779229835,-0.1317777565645852,0.07884330877768836,0.09479511307344682,0.0988161861743386,0.004685246504778126,-0.02985682675729911,0.048083902945744376,-0.04349259843367069,-0.04891950049312778,-0.032402230459351616,-0.005280721748927769,-0.011345942080338317,-0.061969533799106254,-0.010957618421363856,-0.042047580047039276,0.01740001479709692
y_location.down_min,0.00790116881857709,0.0641090470845426,0.15588076286973357,-0.060397195114821535,0.13916512650357366,0.1202312479877096,0.24228645280116523,-0.011704271385625867,0.17309702484184472,-0.09584015644538539,-0.23751751018267836,0.17020194706723418,0.09733871287199485,-0.15515546740283578,-0.16790734353280914,0.053916016720307894,0.2180341836305842,-0.1877118414176843,0.008087110755808757,-0.2044660162185436,-0.11280746480992172,0.01978379603835279,-0.04576460321261387,-0.07293428521622179,0.039980014835530375,-0.10283197024429351,-0.1695360559139667,-0.11142875317859458,-0.09421816789662776,0.04542239014307854,-0.028788746277132266,-0.0011346888766573526,-0.08967980891319356,-0.04590928760565826,0.10648885263622072,0.04087808947811737,0.032502612846781395,-0.26190026280495265,-0.16084441568674965,-0.23107180844580283,0.07356154366938744,0.1811484664860111,-0.09132630131123205,0.015070201967221796,0.09374858333163406,-0.16356491781447216,-0.26568147709107937,0.0674283746725357,-0.006570908993332056,-0.18410542346363507,0.07463078013730413,0.060778474276662775,-0.14866503188771396,0.09422512037967053,-0.02714260228803579,-0.09070341346836312,-0.02803264276461552,0.16379524395528305,0.08885312680839827,-0.13617207211329493,-0.01910705355722105,0.06553998278977764,0.012098239221110037,0.06424176027490788,-0.009246920885257567
x_location.release_min,-0.0025308458228725833,0.0023575381227950317,0.18229926167975483,0.15804931619226786,-0.19904809676481916,0.19359046250020134,-0.05424439924680788,0.055320762435497224,0.15189663282994784,0.2660698047566042,0.0017242548047547435,-0.09528608613375979,-0.10555507748588389,0.1011648727361523,0.0428993071274684,-0.09029354123379753,-0.006223232190004022,0.03617795326660987,-0.008792939268032585,-0.37904220462039817,-0.06675398906325687,-0.15392071656403145,-0.03281817920615701,0.06515065145204894,-0.21436392872577267,-0.12216538902927093,-0.036738384515590625,0.09394487301123292,-0.11376084363797961,-0.048606486559512385,0.055364174041285755,0.03402232090853374,-0.1991086211577221,0.18703602490345822,0.06323073434272908,0.09729538325467814,-0.12857136158205834,0.007978300254535435,0.04581594291715093,-0.13114987843620607,-0.1460896388639455,-0.004140052258261615,-0.01338491909914821,0.09983797604458486,-0.17460383436164367,-0.08782128215657498,0.11207485487832668,-0.1411950034981565,-0.07847231419441124,-0.03851937367042094,0.016881025389103313,0.07570509954060373,0.2654005368608345,-0.033142027014049384,0.06571763021243984,-0.11847950873052118,-0.003266056193950831,-0.04613085074312815,0.0164084845955216,0.0032212986431092647,-0.01156734720069097,0.17697199303618535,0.29855696111878816,0.015000712472696881,0.047356308581829626
touchAccuracy_min,-0.06013228904520997,-0.25621970023599305,0.1441531566993241,-0.13277058726982832,0.014192767436684423,0.0029428743649470013,-0.20493992519616067,-0.16247181228164514,0.18110214227705734,-0.058264618539507915,-0.019704672039148247,-0.06647040626087569,0.03172248190177557,0.0006542010662201267,-0.07545074053063429,0.025919300562309434,0.02987693514371651,0.048016212570060585,0.04421726964503548,0.01802584899318194,0.047573715991228796,-0.029150157095588318,-0.021723847245164518,-0.05111492880333275,0.05869709987490554,0.02451984540966406,0.0368724162097326,0.06092213118547975,-0.125521496622939,-0.022037852530201157,-0.046038092089174455,0.06688895220087535,-0.026258997716404976,0.11866273375926097,-0.026105871931063868,0.041337094720931805,0.06635451421101848,0.022031284921406866,0.09684276520285123,-0.03447654595103859,0.2192506094434168,0.04602504988018125,-0.002876290653989695,-0.07421118599844642,-0.058553049043630095,0.02444535146305212,0.03276765093084327,0.005817290923789201,0.10390764737002295,-0.09329252616204205,0.01770608401544327,-0.26958150972298384,0.19095069436057172,-0.045756239698865026,-0.021993282584183357,0.43221201931252184,0.05561089719425326,0.37894628736986274,0.10830524733573188,0.037425361122412286,0.18343068140079033,-0.13820338969100338,0.1825561920369132,0.2604747748060792,-0.07865788138628835
touchAccuracy_x_min,-0.07492170886854474,-0.17989908838635493,0.22786710065806023,0.2094413870881176,0.018647042883065457,-0.07343359208035945,-0.08186438921993182,-0.07344617082021636,-0.005313733459418657,-0.1597241110691174,-0.014809912567171544,0.05689913018090183,-0.21718009394487822,0.058292539176523356,-0.10337456792290194,0.04962171464484262,-0.062449281964817305,0.03151064166781738,0.04706515893551006,-0.0206054979414203,-0.09944279157762248,0.018020343599068574,0.18096493606851177,-0.11641616846820835,0.13513774021976438,-0.00656257441517338,0.03967268126528272,0.04094419266416222,0.03826855961945982,-0.022395792840045496,0.09169523630279776,-0.05606919827668609,-0.081671321571421,-0.025820039332199063,-0.0655867140557047,-0.037576174126826,0.05762255616886004,-0.020998341893538636,-0.1379534905210701,0.1298159341501571,-0.02272543333752302,0.12157854267227877,-0.002255102211754876,-0.053310026574871015,0.07767291128691675,0.012911283447088612,-0.03654799785493831,-0.17969792391673622,0.18103492195007892,0.2398120217519406,0.28651757281610857,0.2385508646747063,0.22543598950613625,0.12218007621116635,-0.17246715001130103,0.11118554982454433,-0.13501779241877282,-0.09203184754063577,-0.04244571863625917,-0.2815520185729985,0.1775054115713822,0.20124619444647476,-0.1564637020916114,-0.05333776313543169,0.04066743943338515
touchAccuracy_y_min,-0.10826000999585705,-0.18060404331320948,0.16302734228048935,-0.09989066938554342,0.24166170106848087,0.10577982071664715,-0.1527372434150631,0.08202624354894734,-0.06206101075536512,0.04903494775995325,-0.013111064606743938,0.024794834050039634,-0.07562489026434532,0.06413227447379538,-0.12739376209009756,-0.07538499664483557,0.08969723943977026,-0.09141541125409094,-0.05478088578952272,0.14290552650745203,0.14841345565821873,0.0031253417337032234,-0.1864420137526976,0.12171978057507843,-0.02061975366573348,0.04659334920784581,-0.028636301775072273,-0.1664258935365397,-0.010572463256805394,-0.0690433553416743,0.051575912941129634,-0.004586262727198531,-0.1274757556539844,0.07774203363091584,-0.05699441417567322,-0.031026244516052216,0.0031175727235264114,-0.008371054556197147,-0.09843127312349821,0.0822981879580235,-0.09938593487694052,-0.11918873987881598,-0.00579820412527406,-0.06697562574805631,0.11618809858167739,-0.08353262017353248,0.17970818890188756,-0.003335530624006787,0.19814954173488547,-0.19717772860391727,-0.060045712816310534,0.0955153557715321,0.02693325631821958,-0.01862788012722392,-0.12576911235027433,-0.3544990666992817,-0.09852556966028844,0.08824602054713959,-0.006855957411458967,0.37627479935278296,0.293856710873997,0.06617990707250415,-0.12354141666641547,0.02653672677165661,0.0829130596865322
x_location.down_count,-0.18238927821256937,0.18193915911122954,0.06359263577557858,-0.03215649446362335,-0.004947813007899041,-0.10692311934929177,-0.18813145839213058,0.0066301279004100586,-0.051275236758127105,-0.03500746099439458,-0.021575907644647837,-0.06767935526872318,-0.008011977527959272,-0.08080771749549169,0.05253575306077376,0.24513668443551348,0.017207098340181966,0.0029694310978690313,-0.044087715648480935,0.029750973066501017,0.0011308279553399053,-0.012755248507781553,-0.1391570908928143,-0.09809313094561217,0.00561832561809272,0.028916539495665687,0.021142990004611145,0.022211656769908855,-0.0740668036143529,0.20294943318847042,0.0756595918479578,-0.01691670941459328,0.19925602330690528,-0.08800967438491164,0.17324014934685988,0.16581982455138228,-0.33906740566219074,0.329957420011357,0.14677383661475402,-0.21954581105614115,-0.12560208475629636,0.12686839187177437,-0.06649647826065325,-0.017169329935300248,0.1631860876997766,0.2079555550876771,-0.08720480513656736,0.15726651454785132,0.1257098544014377,-0.10907553906980766,0.20344388807057814,0.04847256342259159,0.07713270906958691,0.16545287810642612,0.007345947703131524,-0.09553160880427226,0.0980710590340115,-0.019490819809372624,-0.1259488522189913,0.04267354735663145,0.07405294902945701,0.11099804494946588,0.0462295578454692,0.1319684948476612,-0.014595733384046995
