,0,1,2,3,4,5,6,7,8,9,10,11,12,13,14,15,16,17,18,19,20,21,22,23,24,25,26,27,28,29,30,31,32,33,34,35,36,37,38,39,40,41,42,43,44,45,46,47,48,49,50,51,52
x_location.down_mean,0.16573485527082754,-0.09129710103382643,-0.00208725862372372,0.033933683068829185,-0.08971731405513436,-0.015719785926639362,0.042651293602561105,-0.09174354896110123,-0.01233520950552202,0.12232393660417976,-0.04382254453582394,-0.03281952884639751,-0.037317899180832115,-0.01796909562856444,-0.015583812237245032,-0.111431389216414,0.016634792407558947,0.11855097365496357,-0.19462525640990874,-0.013939623118627023,-0.08657294817354733,-0.04570048701294083,0.10403306834094368,0.0359960764469901,0.06939606155878796,0.036703954786777904,0.05811410393425348,0.03384898117729511,0.0696237854836455,-0.10270967324006006,0.08085535376099998,0.12988510021289987,-0.04134666962376718,0.014552856993296013,-0.04380274437488921,0.10377722797148685,-0.07281195995264081,0.06144802885921795,0.3235154265716015,0.12632733189206924,-0.05750202596213362,0.34975271653907536,-0.10455652979677102,0.06390948381420172,-0.02147292682668077,-0.25473622093635173,0.17450148371123841,0.04762132409209307,0.22166930022763967,0.1315902553668917,-0.012861911464800204,0.16740692836979393,-0.2275645651656135
button_touch_y_location_mean,0.02217575535571703,-0.20947213696647882,0.24829255443491094,-0.043782012974554224,-0.13739602827317535,0.07731837360968964,0.1678622446630042,-0.04922399550981754,0.07492241646606701,-0.10715416937706293,-0.07339171660781918,0.04455583056184742,-0.05020183003146997,-0.023991978970747896,0.11037267168208081,0.002145660272795352,0.016143988634311823,0.08233312844207707,-0.1689068402324143,-0.01594430380169315,-0.0518136359466036,0.12130306379646286,0.0890352420805945,0.058847944243576984,-0.061123175145958414,-0.07000454891037787,-0.012519897726191387,-0.14589727075597714,-0.0977739594187835,-0.15300109560540054,0.14334579267323483,-0.12458280191581218,0.16225709266631688,-0.0682788291307539,0.015215022655445786,0.0275142744509215,-0.1310781827745125,-0.04083767746082746,-0.04384537742643355,0.07178119534139298,0.06849155828053236,-0.1208909001499868,0.12854951447697072,-0.07749839946507453,-0.03873039680118982,-0.11232271656999747,0.11981999308259415,0.1356060489174064,-0.12592952206394492,-0.20813046071446445,-0.15080495742696062,0.26218182142221164,-0.07152969463474611
target_touch_y_location_mean,-0.06354227089310047,-0.02944760000260005,0.25686128484248544,-0.09765465719828803,-0.24354697606389863,0.007738038544482878,0.14578190702480634,-0.1295989104877539,0.04547155214762215,0.018794418791096924,0.032152460800637425,-0.033890340868316014,-0.18363123939053813,-0.05815919586472633,0.008875655337387267,0.0751076912909515,0.07115675967452617,0.09049373911696362,-0.016294468769495696,-0.033505666118268176,-0.06455036945139629,-0.05167654077994921,0.17499156599654436,-0.006895252073966074,-0.18692435601797303,-0.023242054484229335,-0.08816745362163761,-0.07874694570818089,-0.025440066702932536,-0.05445104406190617,0.16285210357566965,0.03158375002934686,0.09108708567814144,0.06315923254488556,0.03949238564787263,0.03822018242359515,-0.3309183676808427,-0.27759499627329626,-0.08618086677504957,-0.1578875964278514,0.08173091074197572,-0.09741459672957387,0.08846988397991956,-0.06261952236207084,0.12515952602248753,0.0036692725721075526,0.00952204749910678,-0.06603523082749371,0.11365459575348001,0.10932392628910008,0.04605059242352476,-0.2826576234032308,0.06649552840500263
y_location.release_mean,-0.13025041280952343,0.0355592062015293,0.18974762805876336,-0.06144047551296827,-0.10700628000761211,0.15336454486849294,-0.03275731683938049,-0.049594847608097264,0.015595603533272176,0.1442417272893095,0.03357066373367784,0.01139292701092063,-0.06098488856296022,0.12926345916724288,-0.07553930781234623,0.00417438141543876,0.11696808355381419,0.09051568216943588,-0.07771280667158653,-0.03697117741261604,0.1721248601875042,-0.019501931205730794,0.15697481814587316,-0.06541885463945883,0.018137128108914675,0.04835987695546565,0.14908066869177167,-0.14798107387324433,-0.040622454382629423,0.15882861367741213,0.04428562523447203,-0.07979430751559038,-0.16454431234843847,0.09084889050686709,0.05864018549348399,0.08253260542176652,0.18468164440466292,-0.011039461269340654,0.2591326063880227,0.12445271845891481,0.15941105778743764,-0.10618430622924407,0.11048008670018292,0.26865838704387673,0.1538943435196737,0.20997262678507397,0.13851480785979817,0.2950706107940457,-0.24162380835845307,0.02751306746544457,0.08109155422211851,-0.035152661639407015,0.06691516800683003
difference.touch_buttonCenter_x_mean,0.051700000964042835,0.180645857171933,0.10421469794832422,0.20132735759148523,0.014946063522221192,0.014176136463523809,0.14965349530781874,0.19736257287960593,-0.1536407364477385,0.1673854449568793,-0.03322227736550298,0.044041576585344626,-0.10150879576016213,0.053982205381665094,-0.13793948800279338,0.1432186584151755,0.1226493754496169,-0.2944033716409129,0.05901898050211628,-0.03772353260945304,-0.048947084594668885,-0.04231295479087463,-0.12720602049182567,-0.006934878146976894,-0.0415150788308632,0.06249657094906069,0.1281458292723017,-0.09904164329873505,0.05640249010449504,-0.029805387276879078,-0.012343484977596991,0.06942765437323994,0.0330502643772506,-0.05637245750081406,-0.11040314465140799,0.12509477578827466,0.04332344491298708,-0.12521323540073076,-0.17491451041613873,0.03899879397165288,0.02397101941193816,0.04575123953208554,0.3259888023119977,-0.1336842155222366,0.12680002738805127,-0.07838488190782505,0.06531455999363779,0.021744284400111703,-0.13946861171362565,0.09062365680757317,-0.1419843426861998,0.10363431792238667,0.1609342075808532
touchAccuracy_mean,-0.01856144564704498,-0.14946987590153207,0.06917237568909873,-0.19983090992584315,-0.012304501006812185,-0.10874109884794741,0.002374192218996901,0.1462301404579878,-0.017594710159792498,0.2797513567209946,0.039413745520782285,-0.07993904424734302,0.021768073705641485,-0.005880396286155359,0.07521425425382705,-0.3616888657592459,0.0025503971517809396,-0.08683766267529654,-0.0865281825113393,-0.2741981165657188,-0.0912828566616552,0.16995518394629944,0.2369066207963005,0.19477272761878606,-0.10841721658237218,0.24610877073748097,-0.22772877363108895,0.13316706640993342,0.08500659976510641,0.13612267981256654,0.041052266397551676,0.18943563470469116,-0.04374676304224376,-0.010172063696739047,-0.030934991880796285,-0.07563800575427634,0.1724659077340573,0.04053243425641741,-0.08015107020911817,-0.08774372389309346,-0.1817311089211165,-0.06517740891378612,0.10247884639454324,-0.07918652079665103,0.08324933016402757,-0.09717212595639871,-0.07927903677365127,0.11167363882066395,-0.004605845726600097,0.07101009830313718,-0.023120988228244405,-0.18027784786460224,-0.060661772778213795
touchAccuracy_x_mean,0.08367024240906633,0.02043638465359157,0.00968877592152223,0.23399194536633638,-0.09587943612620389,0.20766244421959823,0.0009863916586899946,-0.05914834819777648,-0.28774248843617384,0.13564821591416854,-0.06352530116723862,0.09679396752854683,0.02153612435843564,-0.07290241041919718,0.002990229894191565,0.12860425606600792,0.009027079458044547,0.044458459503354,-0.031218842400041705,-0.2557086735478692,0.013903650194220369,-0.03103165947749814,0.03995159436465849,-0.13674625277220448,-0.11138546990834773,0.09588822856664772,0.09402110478131781,0.23779188476967217,0.03291583483002307,-0.2073721978086835,-0.12799681500455207,0.005520257011123904,0.09019799415491819,-0.3028303253355479,-0.22321798740471138,0.06553460339646233,-0.1124173072676071,0.018142939277853057,0.07614127408121252,-0.257397420036998,-0.08866536829398752,0.08105748016463737,-0.009619469952315565,0.10592977336377611,-0.13387195858361567,0.03698333419615252,0.08634684689344918,0.24847632004121362,0.04188679888963211,-0.04211793765401817,-0.05677794680189861,-0.020291358964649463,-0.06631983095298086
touchAccuracy_y_mean,-0.015404617941831135,0.006059962048087293,0.2805462587600712,0.06403607905566211,-0.03765460359440269,0.05329777320490442,-0.01840580605974393,0.2687438581817693,-0.26385223831937893,-0.09180577138391915,-0.03474167415557178,-0.05799085333240933,0.0020887061715611777,0.13771454994951515,-0.03226330145772757,-0.24284527261772035,-0.013920558475600829,-0.018404019577042113,0.07314024697642801,0.13504304356711014,0.1532370792275313,0.023672687727331887,-0.06543926134582449,0.02465069442248377,0.020485494045261433,0.04414459318689841,-0.08924200680875646,0.0763621495681362,0.16043098049091914,0.014229704740237489,0.06042083223338787,-0.3120719997078101,-0.04711256796105513,0.1768065736800158,-0.038248973947552806,-0.017430855665035022,0.041173647556407775,0.12653976869795447,-0.17178475183036296,-0.22570652018035933,0.17005445805564742,0.01819305424135409,-0.03978968032671054,-0.02516498229626433,0.014868350802503733,-0.20772490013696837,0.1314515860738777,-0.03428696069375745,-0.027390935573835706,0.15619866767227536,-0.01706304417516305,0.26079770178482115,0.025742612655958855
time_between_touches_median,-0.0742878159491653,-0.0783514942151704,0.023346216587678895,-0.0865276988435987,-0.030728974857052865,-0.23132971757437243,0.08591434940739723,0.1356341277754314,-0.08138363835408158,-0.10886271402347292,-0.29724187525310886,0.005188205066429592,-0.20417918072212216,-0.003557897965097208,-0.1658063567864484,0.2423655093162489,-0.023245746406055937,0.03892808535921901,-0.3211170763084106,0.004576197803358689,-0.033820058082972435,-0.0074298044807649555,-0.019589941480474896,-0.1283064662169514,0.1794301027935487,0.11633365384567637,0.32553014353102,0.02080625102507144,0.17284675652936077,0.05986594001636288,-0.01846670829838505,-0.08012693286515558,0.033412182743105985,0.1639043677643547,-0.07776489294089031,0.015099975051749336,0.19279554626662043,-0.03750132056080636,-0.12762505640187888,-0.16777883743779437,-0.19246174488305906,-0.09128495005691072,-0.025762741684504476,0.10184297115336281,-0.07753526419963727,0.021173997265093156,-0.004427694071075253,-0.06760915277194487,0.0601136557311641,-0.051040773524927655,-0.018642615599156857,-0.3040426582584001,-0.11341774689865405
y_location.release_median,-0.09725353221360955,0.05809035765922148,0.20906909148269306,-0.05080141975189193,0.01667307603264502,0.1070280657145741,-0.01701745061581328,-0.14035306532960823,-0.032610607539765094,0.18314319440693702,0.19405524803708207,0.16021872943714982,-0.12997275938024355,-0.015829000343030045,-0.019426940771935824,-0.048944315034559226,0.025555114491072468,0.11117072314156738,0.18951539551794347,0.18501958277196306,-0.027533336061457706,0.09079808775632901,0.12571654515080144,-0.08702176723896232,0.12609509963185062,0.13878596089180217,0.2784380663490922,-0.0997147716841951,-0.1054446702354552,0.12298130354324813,-0.22709659465657622,0.007230765598676654,-0.07256255136185386,-0.16211822332097317,0.19694149923522425,-0.04811560054524876,-0.10581238486978722,0.13938997109602094,-0.18403738081973717,0.0650057277667703,0.10371337698770905,0.08607881267601059,0.0045882521985810346,-0.11975549411280265,-0.19650800838432575,-0.13529869725345128,0.006784368417783528,0.07966966328742611,0.09071305480020671,-0.026668190116863236,0.11255784538037512,-0.1922109970127998,-0.045214672696464335
difference.touch_buttonCenter_x_median,0.12591348971574493,-0.030101990688040065,-0.0005559974032385761,0.19652804705336135,-0.015929433784048465,0.047446400761198,-0.04994470265811255,0.12483275545350228,0.18748335898254673,0.04192627432115318,-0.024036349156582402,0.0606626120948746,0.10898486371144557,-0.033791286674306587,-0.09007013693726439,0.036289092428697045,-0.15541319784602026,-0.34315490307576,-0.025119063247168928,-0.10251262438046584,-0.025379988507826287,-0.02997298180034301,0.14760445864945498,-0.04087479406396137,0.19196535385706426,0.013099666231157225,-0.15568814036979878,-0.26189285617901853,-0.20243894941277937,-0.015264099223485608,-0.07689843033952229,-0.03695191986898434,-0.015971913753016098,-0.02432390346662204,0.04447081327834028,0.22218181233836842,-0.017494032184016822,-0.017708121600441964,0.1321834772831443,-0.29779565591297885,0.11681252449264491,-0.06537725378706098,-0.15454123134111405,0.21242144411912894,0.3159148549749006,-0.15608412883552955,-0.07213105311226609,-0.01054996310737977,-0.022581408925217466,-0.11888509411704122,0.10694038889981021,-0.09508755041968556,-0.06270970672313018
difference.touch_buttonCenter_y_median,0.04792928899544289,0.1188149055783086,-0.0659058983463782,0.12484702992262399,0.17607747397469933,-0.08943103949535235,-0.0793856378812923,0.1687366772134597,0.27703092546384933,-0.06664754618971189,-0.05012164103777336,-0.16398290617756703,0.12882759938390437,-0.1585250373090612,-0.19676420702518302,0.03958852967515458,0.28089278743808516,-0.05346555168215383,0.08816854897891163,-0.22210842605998704,0.18406279805641654,-0.07379126299779962,-0.0641127231624989,-0.17544593145554702,-0.08653646658725507,0.08340645464127172,0.04769936444065464,-0.09274562402931544,-0.05665756566378922,-0.11625900055490578,0.10175502968636069,0.10787064686789921,-0.04734819109019674,0.07632441674937478,0.11423008642795579,-0.15600047164372044,-0.15970639880263757,0.1389250105956506,0.0010122873081979539,0.05144782927240622,0.07448578189838459,-0.09043721349775537,0.23633860697982723,-0.1014561910465899,-0.11401677683204953,-0.16097997913532122,0.14776777856325468,0.11439816775920533,0.1577408998977166,0.05338815061170374,-0.05475646118586631,-0.11285785159434944,-0.11792474571923865
touchAccuracy_median,-0.09011259000839922,-0.037574920993635776,0.195212986678633,-0.01242754409778056,-0.047179473488865496,-0.01788747441338696,0.1544712117857597,-0.00533315970050946,0.07103628840534532,-0.27292992140992256,-0.16737450333209408,-0.1926620281917737,0.1863543695864256,-0.053302032358092145,-0.05270113004412342,0.016126620964088824,0.044919192776797214,-0.02920568099032638,-0.04740306836368219,-0.08972005393596905,0.026421552738478415,0.0487268536731858,-0.08080824630879467,0.16327856295226573,-0.10024922610184525,-0.02934288950942672,0.09699426495380044,0.44608253186325775,-0.0012333063486800605,0.11266829239583498,-0.2510014057577776,0.1735554419709045,0.1037103821635904,-0.07207530592451332,0.24131982691511777,0.1345675427789386,-0.05537593202245309,-0.10414116968488417,0.11037063001999195,0.0017653005750780312,0.2108039548219256,0.011781727515499829,0.07188329365455635,-0.07120229788707548,0.12486203117765274,0.09666452836140593,0.07961625272411285,-0.12385044541935492,-0.001481155333720445,-0.04623192480096772,0.13287084364185905,0.03363889776229989,-0.01700651498472195
touchAccuracy_x_median,0.1329972236164958,-0.11790973456034887,-0.00124534778000835,0.1008108131218188,-0.12797915643254176,-0.03719887392410699,-0.07467253907990781,0.025306720684331332,-0.04064295158106324,0.17204492096448049,0.07120576032836981,0.11377500940057862,0.07975029159677915,-0.14231067647425993,-0.031391280833234995,-0.02251073009928715,-0.220920331259924,0.1017092122799401,-0.11256101054337908,-0.08383830510059115,-0.06567233123732102,-0.02088806178337409,0.09366399848435276,-0.13401828246763625,0.043798797012402246,0.15186333323074677,0.09796935360492265,0.06373474264826177,-0.1735292197193209,-0.07787142465871505,-0.21829372765531332,-0.04063808551467926,0.26027592788542014,0.15180997038738808,0.19743174589433388,0.04880034608036182,0.15980465511025485,0.24312911534622897,0.11997445552423594,-0.062107349858983724,0.15686014826954842,-0.11568649948322657,0.1749936895738143,-0.19859135691356083,-0.1414732729447465,0.07742349799285322,-0.08383360708171317,-0.29631170658845124,-0.13741762417151104,0.0741046765089749,0.006472333462892894,0.10241565580279724,0.09599572299729356
touchAccuracy_y_median,-0.0034274655047392814,-0.04058358662505993,0.2947197314354597,0.014812480183464066,-0.11714047549381215,0.14408825662614305,0.15972836583858924,0.15302080990707329,-0.08701042175951067,-0.1552112881645225,-0.12410580354506967,0.033337176057986875,0.12996805920079935,-0.024938614621073746,0.0745864255402587,-0.015138786180965189,-0.12009308201729821,-0.1305815069762108,0.07615486058995517,0.15947281611205272,0.18855254581221972,0.13381318679615667,-0.08035570165331497,-0.030205038602206514,0.07700780011043466,-0.20639144905190893,-0.03978973286266435,0.0004288609651675046,-0.0594203638462403,-0.01385590528692893,-0.10824087814894781,-0.006918246955751481,-0.13516146466770884,-0.14057120977179033,0.14793067574547522,-0.035962928942355976,-0.00787751756786259,0.11938049919919796,0.10547843736331274,0.028594192745706418,-0.35725310266942695,0.0005078632421861434,-0.054008641605280544,0.003941472498549311,-0.0476021788371078,-0.12638596454976012,-0.04801481482383746,0.0732571039637181,0.04172490290722042,-0.042935398605962946,-0.024812088262076697,-0.17632762271982738,-0.05165634085886964
difference.touch_buttonCenter_x_skew,-0.10822573312077727,-0.0697393578202897,-0.02966504405305894,-0.23499565340837011,-0.04429048078827302,-0.018962571696148012,-0.2454853816201365,0.00485321613662066,-0.04532167373036046,-0.11340290163086905,0.17960717164818868,0.019330726108596135,0.060452190521109984,-0.012599632392951175,0.045068467002154486,0.08153006161615971,-0.0698971295257983,0.07342398305140668,0.06696546926427699,-0.14303463937574434,0.17528213234353454,0.03888702392338253,-0.04195808435046676,0.1506490768653325,0.12551581717109192,0.09265879790510506,0.057298118889551684,-0.012213269147597135,-0.24374914319702187,-0.11200966086155915,0.12102352263891997,-0.16512067398998687,-0.009896594124653813,-0.07946794315680569,-0.3101579606109168,0.14042017953602984,-0.11397972747334811,-0.02923568392685036,0.034921559851567766,-0.12478939290589,-0.033892918868325586,0.014155204396516102,-0.03554619537067953,-0.2302595691407502,0.056659807350244236,-0.026360678720483033,0.2354232691132478,-0.22309907362845263,-0.001579655022792642,-0.13290258961054163,-0.17341557750805517,-0.1557552630625766,0.10356348474942541
difference.touch_buttonCenter_y_skew,-0.10782033600951588,-0.10676274760855228,-0.03827513959069407,-0.2707949478155626,-0.08332530807909676,-0.01105756190972304,-0.14216019527086668,-0.011501738852247862,0.05874875879637409,-0.03418159262017839,-0.09397958331837003,0.0985224977437501,0.032868403361049695,-0.03464325240114741,-0.09595453156634154,-0.18301211713815382,0.039319006760951306,-0.06918050231775907,0.1455333460326596,-0.05084558765725665,-0.09592469770980389,-0.09382023502838645,-0.06604201410528797,-0.0777898751121992,-0.0002669469268129004,-0.07383459682275531,0.17577058147020796,0.05741491398846624,0.16778992791058375,-0.18154058797326655,0.09817543563376335,-0.0062079063958293546,0.24356146535663833,-0.1768863261856507,-0.09517154657645034,-0.10473212312166665,0.07266864885486563,0.23004600258133862,0.04834213412114349,0.04822970078897613,-0.10579262243280312,-0.24908250966516013,0.13870236404134287,0.1671106881745742,0.12368283423324604,-0.12140307809429418,0.12174986839724555,0.09882989200437474,0.01078056537368193,-0.16359836846500414,0.32825689251637546,0.10884154143282743,0.2071952593938205
target_touch_x_location_skew,0.07168817473162199,-0.22772156630737148,-0.025435285696208773,-0.017322516308910997,0.06675801334676754,-0.07370933794172205,-0.09945538354745032,0.2200700121046711,-0.06263310624418603,0.1420038845586358,0.043832872873289144,-0.22894384133285003,-0.01884045865773537,-0.15104175695817812,0.030033178230255538,0.10630239838134542,-0.10280411090808755,0.12794395324797037,0.1335544895149617,-0.0067702902832948685,-0.047568140907109466,0.05083763872003069,-0.013534360161555122,0.026755614002853527,0.1246734858211607,-0.2326566992549908,-0.0656859987719424,0.10686170028448662,0.0002905119710591604,0.1490212478306894,0.15377422581371483,-0.17154923806825306,0.06430581184619567,-0.13315843918602124,0.008705550437917486,0.17746917723902061,-0.08609554917724777,0.08478640881782777,-0.15617732846200885,0.10314283689337346,0.14809495052808924,0.3364294096750596,0.3668194561352776,0.3547735816385194,-0.012566238943229443,0.10356984013610528,-0.04927744177561394,-0.01779142460515689,0.026457725963466128,-0.059016902443899996,0.025248298787467673,-0.1298679205916454,-0.022555422924930388
target_touch_y_location_skew,0.01784923008105121,0.08829590010240781,-0.05388301851294132,0.03087392166133232,-0.28605222023521903,-0.2424350181508029,-0.11744445562623704,-0.10752865155424263,0.07187563867986155,-0.02203156315738443,-0.3016362818773425,-0.16410281547956165,-0.173588824883492,-0.013766188256890213,0.01368110365396856,0.014686352198501736,-0.0205218310191905,0.007212641422434593,0.12248186784587767,-0.0016417182836125574,0.17483738349625857,-0.13566022966753966,-0.03296126852929436,0.11669380551852798,0.016623822211970098,0.1007317464092839,-0.10838690306511352,-0.08279358815744836,-0.18761484619488283,-0.05545196139310478,0.018482531142208665,-0.24012885110693766,0.10169563511309536,-0.13390707121548076,0.18903129064293506,-0.17134725825184646,0.09950057045226529,0.02396355578230052,0.09601356919752152,-0.017908287164542173,-0.13866660452015545,0.2538266258463191,0.046057142086353975,-0.1227298373348219,-0.05898933837730722,-0.14630377303751144,-0.06559873858571053,0.102032159275875,-0.17391869004968824,0.02277713131509232,0.10480629886177899,-0.07720936527843053,0.09062548198845244
time_between_touches_skew,0.11999284608468429,0.041746094539984145,-0.011892064973355295,-0.036688845515907544,0.07238893464553735,0.05907866481883725,0.013055195240892457,0.09451836330470564,-0.0572539917092866,-0.14081005306754146,-0.1218973224273059,-0.1491784447341722,0.02338637648063744,0.14785990361369153,-0.3082866936872044,0.026842894889950654,-0.16512355546761492,0.020081918222107135,0.13903179615874683,0.2673868548024334,0.0668281326519982,-0.007957548389715938,0.4695879345466805,0.1956410721792273,-0.11913600312685056,-0.015173568323319842,-0.019569934363601202,-0.08296057546874122,0.025032815435336458,-0.13614510390052773,-0.1190924283073702,0.11047766808789941,0.05177483296265415,0.15174709542431725,-0.2643343502275212,-0.07100145579020548,-0.08517197223122609,0.18518771709705525,0.16939378587899706,0.06510100005428478,-0.01951069623335345,0.007443167529384745,0.11804884099576184,-0.048896674392557814,-0.04880111208679509,0.2559967533326832,0.02420269597546308,0.03127360611348742,0.034248687874545325,-0.09807717720468567,-0.09060721036614094,-0.06449811702106183,0.022566730491136985
touchAccuracy_skew,-0.05529293712924182,-0.07065039558494492,-0.031097148863778942,-0.24198043302400662,-0.09459363388421207,0.06424972783585392,0.07134664388389356,0.23887891242792175,0.04332096006735402,0.14577522981862934,-0.13207557863712208,0.04468251324588623,0.14656331229905772,-0.019163532264668277,-0.24633356376760102,-0.2095095662688418,0.2778895852546987,-0.10685079064300051,-0.14383568432392654,0.04693157142109167,-0.02107968272926144,-0.1839197254995707,-0.026963386551478986,0.060574113779176084,0.09750154680458845,0.07764133799121974,-0.037140462497615226,0.06920269466520994,-0.32771164186466933,-0.007967144111068566,-0.2502203557768175,-0.08772184539402779,-0.10343216342950536,-0.10588779386420906,-0.14419849653472408,-0.09829755488034977,-0.03300819313290857,-0.22060185003609178,-0.06505516211644484,0.1146201620039039,0.10932770800466014,0.1760498000482867,-0.12669372068363755,0.06568413935607578,-0.1805156667986128,0.08817457557162642,0.09479704374411488,-0.04773038429933688,-0.05079365309581636,-0.010593073465724943,-0.021573373058806397,-0.014507528095596939,0.06259613076921725
touchAccuracy_x_skew,0.020048312149783067,0.03247429947844036,-0.06602102215028617,0.11882965787295409,-0.05119657699643794,0.27844284502002803,0.02365946407964542,-0.12340641897913601,-0.3125553854634796,-0.02083251943785559,-0.19892063906158278,-0.1734464346136404,0.17090524697219234,0.14684907913899992,-0.028167025359544722,-0.02585213583585424,0.1737870211312009,0.04420708221400196,0.25010279014214315,-0.1964014487161515,-0.2934813438185031,0.09449494620312811,0.05477410211899573,0.02284644800628994,0.17287792845741787,0.05222778721746996,-0.019287018994361364,-0.0311479906194483,-0.047495421194263254,0.13904526087614713,0.16097719865772156,0.015687265438680445,-0.03928067679719919,0.11231684043581296,0.01465935697038332,-0.22210721811172188,-0.11537252676510591,-0.018264203728584123,0.04586164680989316,-0.08738369369539686,0.03331422033229554,-0.11373508588031725,0.032586998354037944,0.05401626849479864,-0.17263644117587237,-0.0967643496391031,-0.13091002787550138,-0.1844553567785051,-0.13014790708979296,-0.17610058980842805,0.0661022576128391,-0.10736450985512545,0.0034070638959097926
touchAccuracy_y_skew,0.038031695895865074,0.09369070704564157,0.11583594887045111,0.14897738088251505,0.05084917110128426,-0.2055747270319987,-0.16837007000819232,0.07288093103413207,-0.09397186275817293,-0.32296012115119616,0.23204760626632398,-0.0870277868301533,-0.09222737159997975,0.06853864302664175,-0.04383284060436828,-0.24352184337040692,0.03507504830581031,0.106123827753984,-0.08398028906697771,-0.06297473176605368,-0.1254956044632898,-0.06794913243145723,-0.03501178259604835,-0.019561429625888513,-0.08841317114269942,-0.020833915635302354,-0.010183371733938545,-0.17055768009017658,0.07128527775490491,0.06975447600503143,-0.10732023183290718,0.19597977910733283,-0.02786692079285532,-0.2406343087441839,0.07941426396462245,0.15071011653386485,-0.010474666830783741,-0.13959057771240085,0.15637556157103255,-0.018747899763788288,-0.1433748853007641,-0.005175081748964854,0.02785700637323266,0.18107553713761237,-0.2192311716646606,-0.03678657843878842,0.06085836376504689,-0.10295578860276669,-0.29218975594013197,-0.11833244549287654,-0.053693130350187836,-0.0825590368752424,0.11997452292251051
y_location.down_skew,0.007892838951149417,-0.07381575120531329,-0.002911677939994686,-0.0641907731348528,0.03888509655130074,-0.32346958371532736,0.17439427127975804,-0.16779031768416114,-0.07603819808460559,-0.13145322513071062,0.12982987543799268,0.16273318636996276,0.11172995891602727,-0.21311397520121417,-0.30583080328791473,0.029798372113906235,-0.24756682554622372,-0.12759629640827702,0.12780893225840814,-0.049045297959426234,-0.09105572315752763,0.1454680316861854,-0.024263268312834912,-0.06664493023013443,-0.036737036657078635,0.16315074212784694,-0.12483065954681763,0.08150958753961147,0.05694077704682135,0.1058690852752602,0.037401252094709,-0.09386043165152422,-0.19932262135311887,0.163062161184202,0.035656054807610936,0.05471594398812192,-0.18982193748276693,0.05655438420509859,0.006794979357764713,-0.09419533099597868,0.01168727037271021,0.11339729126539122,-0.004360443471756528,-0.04921576019836612,-0.11951299925465947,0.018477137481671912,0.16724507559529694,0.3103219401083876,-0.17324346363269252,-0.028010531809275676,0.07935764945752695,0.000666555439133628,0.09396381378568247
x_location.down_kurt,0.08592828646279366,0.13926693519333,-0.09863918005972895,-0.06420969112868834,-0.07755483532555571,-0.1450760612986063,0.2712088257463327,0.04503263402958986,-0.1335919701098076,-0.006068550569912595,0.013309977185904466,-0.190331925417252,0.00020396820908319532,0.1309949797009627,0.08119649247241238,-0.06937605724781085,-0.17612994406652185,0.042675513266689,-0.257192659576346,-0.08440701062619607,-0.03221549106365873,0.013148571529843334,0.03343101599259886,-0.12343802343260772,0.21528100781063733,-0.11610860085789437,0.05493450635188776,-0.06802205255552185,0.021010047286992614,-0.22872894406240932,0.04337727392320656,0.082688730679843,-0.11955631133114551,-0.06345350276977157,-0.08253658475192308,-0.08107984794097706,-0.19671562806252976,0.08033150805140363,0.030119029941755845,0.17027652672618512,0.17886455104537913,0.00960018152593331,-0.0259138826020665,-0.022117895546345967,0.030060818134318955,-0.12996931171695808,-0.03782546936619271,-0.05029386081173656,-0.10197427811281035,0.279091341993946,0.15233935936030402,-0.10447142291304475,0.33427699945166495
y_location.down_kurt,0.03998870074036388,0.04844842116502069,0.011295437160509054,0.09605104688272953,-0.13810790646762106,-0.20112647894243058,0.16099384920261164,0.007422061416217665,0.03719965641022081,0.11180362270368148,0.047756131765789564,0.17127333029122893,0.24135132041974416,0.3650454641357893,-0.2611232846275539,0.11617678643359448,0.005239701202455094,0.19403014541317437,0.01680209238667731,0.08049874975922637,0.04586387479231024,0.18781027705456863,-0.16334262504690486,0.013960447372241419,0.162705225641046,0.11005181595325224,-0.28395004148321945,-0.08893880141512031,0.05655992166464092,0.18649644216909816,0.07826462317380226,0.012431443064918585,0.3157466891372191,-0.2483032877020669,-0.09181129089945107,0.0485680738890434,0.07755447935193267,-0.07707257103645916,0.07134877313907609,0.15189544983524078,0.024325862841026426,-0.1257635619934048,0.04827048512345947,-0.06161658984298628,-0.04679566859070418,-0.015484631905833282,0.04807656636343856,-0.0032771208008852554,0.1798905210783436,-0.016462592735046286,0.051260257741413795,-0.03084008082867286,-0.08087658684217171
swipe_length_kurt,-0.07056771504419215,0.21723023933358312,-0.01845626710177471,-0.0007384249366382684,-0.25988877895201307,0.02435044272723977,-0.2153403689890327,0.03206647893303803,-0.0027627769060546486,0.013022731796963217,-0.11609110572289885,-0.04589630179494631,0.10825948073718827,-0.12389308290361406,-0.029256911595791073,-0.010214984875541355,0.0008358775147231552,-0.005682952951880843,-0.11801387767903607,-0.007289757933305642,0.061389729723310006,0.12042285922872832,0.031065905192195487,-0.14469320943333483,-0.048273743917457174,-0.09242274779074305,0.007710924009511275,0.028368882869419923,0.02578858157540414,0.15394924004226912,0.15752466922464925,0.06285497900884895,-0.143326008147626,0.048757822161955414,-0.19266672116019234,0.262682963926697,-0.09371645010670565,0.1647747273761563,-0.11286143469879177,0.17942954077071438,0.06433880218761587,-0.09396395983352245,-0.11708534094815953,-0.1291517037937654,-0.07453774555148841,-0.03642243441383481,0.11469185580392818,-0.13290410115134535,-0.21961786257243057,-0.0035775015896029605,0.2560477302830457,-0.01036364457612711,-0.37605374860995494
swipe_length.y_kurt,0.0903483869231205,0.1192470205211786,-0.16279452089179786,0.06563995896477387,-0.16674961413627354,0.041171261275679535,-0.20137006225188298,0.0951409509219942,0.08971503683485606,-0.013806894213065635,-0.04332762522718806,0.060300867628715615,0.2014674863700616,0.09922107432374953,0.2276224803182095,-0.03630289700442073,0.16237132541655747,0.04733347203226651,-0.16165278742470407,0.04391767182432905,0.13636285421644484,0.028667779909136035,0.02870401988285766,0.1352357673309438,0.08368120178178659,-0.0010486537029390647,-0.0021270408523346024,0.08994156243296281,0.14554804851621161,0.1023344124572784,0.07227541345408792,-0.04107582348907504,0.09914265717705484,0.06976235650097225,0.16266401772663142,0.16014508752893056,-0.165688439894358,0.08361097649133006,-0.04445613111558596,-0.1880141928884512,0.029452311143588518,-0.08172191438833536,-0.08200601495246679,0.001233133809862022,-0.21355716131175395,0.19995905901375113,0.02788380775610712,0.31786018588490605,0.04853401641580957,0.11866962354988454,-0.12354346522058107,-0.11195771590786897,0.31063684572902656
target_touch_x_location_kurt,-0.06398613971706339,0.237014974651398,0.008636549193808234,-0.018861772011396445,-0.08934367068849582,-0.07862944286418361,-0.036912716028010585,-0.07658437456897436,0.241125088041315,-0.1317401087719824,0.014022399418952187,0.19308337335673187,-0.027639815249418692,0.08096390509693102,-0.024757111659630907,0.042283120214953014,-0.006320425610797345,-0.012225555858386354,0.058848677743582364,-0.03605279450048331,-0.24182916367260424,0.25451385365101054,0.073558855385971,0.1781375755981325,0.19750523564934047,-0.03925113374227865,0.030532677193907565,0.17489034801913383,0.010376710774633568,-0.2933535279730996,0.0966962298038405,-0.03618993001888855,-0.2629290173143764,-0.14598857650335573,0.05158709056557272,-0.1866172423027642,0.2015272164469856,-0.009804691891143375,-0.004753644556537068,-0.1667563759821773,0.19173643018839578,0.013392058221291981,0.13799140007333327,0.1926791348707957,-0.07269880606494963,0.07035786119499246,0.10636451104667363,-0.07718779912612769,-0.05578108175716859,0.13796437568764486,-0.18818370686636507,0.04007408925530968,-0.1705387372687167
x_location.release_kurt,-0.11432684838205659,0.16227561188764444,-0.06610517811702941,-0.11604692566573031,0.04112866407117198,-0.07657781840739476,0.20980737284586679,0.08820543444190491,-0.14000463509387823,0.06442830655365755,0.05369345970736227,-0.11481278930310115,0.022111121113989447,0.05437315787174604,0.02923300587695301,0.037894057808861806,-0.12330434720492604,-0.01153013893278235,-0.13377514996672907,-0.20392000372735783,0.1436692309511853,-0.07324373302516532,0.11150165188988288,-0.15562468259969597,0.11307849250856986,-0.025430793489414995,-0.00977474900158889,0.015612313341764137,-0.08781845632599829,6.333704822668838e-05,0.21841892041795108,0.05635202716710957,0.010263153410386852,0.00787908968385682,0.23688279949123842,-0.1412692175090966,0.0559179975633037,-0.046158917591957886,-0.07360474394951844,-0.030424850425551406,0.08188978104799588,0.08313398032596303,-0.13174316277723586,-0.05438942890614311,-0.06302912365943854,0.14575549838489538,-0.02176526621731702,0.13260342333818548,0.05484783660378774,-0.500165156882911,-0.06312634807793302,0.23321189079826354,-0.03633366387126707
touchAccuracy_kurt,-0.0905291262331421,-0.09377165102756117,0.005216259749355296,-0.2483758885852421,-0.17015581248374523,0.0776392133744994,-0.1405756108070886,-0.07166984902562129,-0.07424536111281135,-0.16649264729692415,0.050573038710684574,0.07132510119542901,0.15472658518397564,0.08078999447659876,-0.09044199240882402,-0.03086176003718931,0.028249800283963733,-0.2509772289635923,0.04748514662872591,-0.032019163293645674,0.004220733744313993,-0.010463453234957204,-0.03366622333883529,-0.2584869500449428,0.12194048622099354,0.016186369331343507,0.02409531576053317,-0.0937357739181284,0.09829117653360381,-0.10723238670668,0.07272171365225696,0.14636643937287463,0.03655293876958045,-0.1007958403163196,-0.002956539612918606,0.08761322775636429,-0.08066589905967503,-0.06993378911134089,-0.04053184545539795,-0.00555031895261341,-0.0823786861326287,0.22108652469680484,0.12408902296943677,-0.15556713438313374,0.04100468312418493,0.2687859271745826,-0.4163050816616202,0.07411129635283292,-0.08888647910191828,0.206548817210009,-0.04100208852673058,0.1160534834880026,-0.11871448691215612
touchAccuracy_x_kurt,-0.1040375004885279,0.012725248449019778,0.02049316694453249,-0.15365215237751856,-0.06025907577650039,0.03515910147100315,-0.11325109664915753,0.2193406813801925,-0.12312399084341684,-0.05792858659227618,-0.04081784749032169,0.08324774470945645,-0.004851236266968491,-0.14279470225076552,0.07537140910840301,0.3172319404205962,0.16753694701125368,0.16062654747045257,0.027310567463169372,-0.10302224407096303,-0.2324294233112345,0.09384809808146113,0.06258978112445307,0.052940527944532835,0.2096577660661661,-0.20756352660740746,-0.2503483945592747,-0.24534354636097275,0.0018566482000288995,-0.01596941015803481,-0.24600048536779257,0.26522218870439607,0.08438224067263819,0.17875504889427302,0.11381526379691012,-0.04001410159669021,0.07686065008073414,0.06404106211001788,-0.046025787618985896,-0.06794293077070554,-0.11204370944167047,0.14157206763562927,-0.006397296942870508,-0.10150326885216744,0.04837252514068813,-0.004226159818551029,0.2730139211987554,0.1004320134942353,8.791476264963238e-05,0.08435715368193623,0.10002381712663419,0.12777663925821434,0.06202114047507164
touchAccuracy_y_kurt,-0.08720520362853193,-0.03659566597314957,-0.028635244071370927,-0.16699370376517603,-0.1222535152723025,0.2610081930109392,0.021225166855417855,0.04759292641986154,0.03069699739321579,0.08938845229331899,-0.05478165572878178,0.03830972770419734,-0.09166659545613946,0.04549953725220266,-0.06126087848167057,-0.08441225034074015,-0.3279277823463079,0.06707746426247929,-0.011480474777261827,-0.16948941766662964,0.025170275542831105,-0.20132215848855595,-0.4497720729562812,0.09409396717831868,-0.1187391305115391,0.09868689255907169,-0.11924193943988592,-0.26566418069458003,0.23366516144547853,-0.00541354358742939,-0.07069360876798983,0.12474617397746435,-0.11296738809447528,0.05485506046273462,0.09952497350902409,-0.013647345745856368,-0.06357467503202144,0.11036325977849455,0.07174615550461484,-0.01664052135137136,0.12613561181290514,0.015660579078698826,0.0658910511603688,0.06400183399882023,-0.12143289341785879,0.07273565654463995,0.13865896139924413,-0.09916273559553522,0.03146237631773216,-0.07200460569005401,-0.1935021635975408,-0.09795183392408471,-0.078161765018448
x_location.down_std,0.05270728568293475,-0.2565674643444932,0.07679366212928028,0.0349913209581556,0.05839745247463165,0.044989576438957984,-0.13059568560470908,-0.06918484223921686,0.18163656373747844,-0.060910033981825894,-0.24561550963144219,0.09482992082319346,-0.1621820654174124,0.02841791676786301,-0.09873808570625567,0.1547280582093198,0.06839315758410838,-0.016524069102529994,0.014326802077394077,-0.086986070465532,-0.15511920895357836,-0.03949830057386983,0.03234750267370232,0.09345664585662787,0.015102734423658951,0.032546184824149685,-0.07261194428074041,0.03084215549052815,0.12134231338118172,0.05772758282704252,0.04399829560664799,0.036927112643819524,-0.14609271255474673,0.04258729601970828,-0.11690293904401042,0.22554794144612783,0.06776540016366595,-0.03346816168577661,-0.032528995471303904,0.1762410816023836,0.17964570368042096,0.02693776728982554,-0.15526794224560497,-0.12165095895140188,-0.25578884784273315,-0.2073984315222387,-0.2414334786001161,0.10371244222841203,-0.043872680267920995,-0.14383785045584305,-0.03183833343839751,0.1027051059256995,0.25968488748926566
swipe_length_std,0.14028189251238804,-0.08182717340513403,0.09314784358169444,0.08611118075362885,0.22125861603311156,-0.0483913931529127,0.05039067206622847,-0.07806878141634024,0.02051363863112203,0.0657018082609427,-0.0891073422044305,-0.05097364508621744,0.008567529818943098,-0.003469206628554225,0.03144465350417444,-0.055622918137424,-3.3510355903279554e-06,-0.00784353897664889,-0.04031206757301137,0.02166349326616225,-0.2031210051669617,-0.15845770952897148,-0.09005667150692132,0.05815402735776813,0.06906549014897129,-0.1645092499039542,-0.03933399079580098,-0.01326584627161358,0.019083781346087222,-0.03625344097627315,-0.006193095929824349,0.028491853135713792,0.07320919462628261,-0.2742056661220977,-0.057068192387611294,-0.0922369357361621,0.022114027381427856,0.27104749070048,-0.2260872635241475,0.013515559642975261,0.13642109013461307,-0.07557995809200889,-0.267060800427768,-0.23509969501630193,0.17307293218041753,0.22799023477453578,0.16110809758312933,0.15899524763479983,-0.26537157711396314,-0.01602805906752737,-0.07156258006381708,-0.23092875833303803,-0.09817685882999681
swipe_length.x_std,-0.032732227435719234,-0.021584503196028417,0.29052587086286236,0.014209683576290613,0.2569429515334579,-0.04600825591229525,-0.024606295305625872,-0.09647023594331808,0.02741657389906164,0.109064442577825,-0.1492241118528605,0.028412828649286414,-0.11590210837758343,0.0668650949607321,-0.11156383793126495,-0.049640567862162706,0.05947729806150005,-0.08375110341447987,-0.12137954976413162,0.0008383281225366399,-0.08936008919193811,-0.13076065733434017,-0.10952343611113222,0.07912035828112121,0.10520046879984955,-0.06063366406516957,-0.00026287920626083365,-0.059521353621843895,-0.18526141682544991,0.15927400428421118,0.3049707103703902,0.01646557601489006,-0.035576645178852326,-0.053271678779536986,0.037033097304313034,0.014167330927023325,-0.15266955183552716,0.1796182583027751,0.19116820694580167,-0.27647679404351827,-0.1551598947607716,0.02448348739066391,0.04180503991068461,-0.05592157556617182,-0.14300891052405926,0.2912511525392002,0.03942165063136089,-0.1498839606463287,0.152707913163784,0.1818224406837048,0.1812326500617671,0.1783948861609907,0.03855994587685419
button_touch_y_location_std,0.10423659577620303,-0.08872455106670606,0.23507085721195284,0.02932336978259675,-0.017942769384501053,0.0232177299283852,0.1364680772173034,0.14392066565840453,0.14403875703586785,-0.11476685005645666,-0.04121481389754651,0.03837773921712885,0.17220937503223438,-0.09495012909386158,0.19673083757915166,-0.057579727621880794,-0.015725156716964832,-0.03748043579089039,-0.018174228107038583,-0.13034018310842452,0.013184230131826409,0.10570444015670423,0.011627954232508425,0.00785655624249167,0.09009996606805479,0.009803804295546035,0.14908385377903785,-0.15472457987015306,-0.014399738580186661,-0.04767222252189038,0.12245368012319469,0.0025937661411144022,-0.070057466319313,-0.013571144873808488,-0.0650736424877349,0.05189089081209427,0.17689946634360254,0.15139203290207454,0.06276042983803397,0.14244265570456205,0.05167261094226382,0.009064743626745942,0.10219732009668372,-0.08902445474026101,-0.14248003703917628,0.05759555211998976,-0.1705323569438601,0.01335185125158564,0.11624417676752401,-0.025623820827204383,-0.16637093464323532,-0.142318836269268,0.018059992114569004
target_touch_y_location_std,0.030394691859549006,0.14981368624519045,0.08157616013721693,0.013776930817754864,-0.3099439571775069,-0.23533634894467378,0.005186372665106888,-0.06657217960694062,0.052752097196378946,0.08976976800183326,-0.12530940761310752,-0.18939607424383667,-0.1246140353286376,-0.09873975691755946,0.055971993746674165,-0.03327060941878322,-0.03326782457613661,0.014255815192184012,0.19600685289107633,-0.07404158469770691,-0.11478101857879423,-0.1986869586743794,0.05573129332939253,-0.04292853730948934,0.04144299147178225,-0.037779172440899594,-0.11819125585120566,-0.026644080102526294,0.02606681123931025,0.10293035259438232,-0.20568217246784104,-0.13379481798727674,-0.007476282201792403,-0.011872444245604435,-0.0840504729215169,0.019247496323668872,-0.090497425693769,0.03592741606300694,-0.046029921625725126,0.0641604364285113,-0.06728820237308711,-0.22272434017931225,-0.00793554987904332,0.0660285262166168,-0.035823119616320134,0.16635131923507368,-0.08936987200897861,0.046315103202281105,0.00010508460852313994,0.068832472853796,-0.26034819805448167,0.19252812752428006,-0.20086465815796728
touchAccuracy_y_std,-0.07057966307679481,0.16005583529603057,-0.11520053390331557,0.11015737982879684,0.046579257935158803,0.1976215841460225,0.2183674292165047,0.06183701446522072,0.15395194212651941,-0.15532930509900944,0.020226184533904408,0.13249289101538997,-0.07716171751345795,-0.18988844923152107,-0.024150152741155825,-0.09090933873823386,-0.013485520468693502,0.13578865682905936,-0.086305395519089,-0.04745167107495474,0.01710303883191701,-0.03315028857807499,0.18596795028093133,-0.041577083170151505,0.017752342419451804,0.10951310755067364,-0.06382987200594986,0.028252132274550312,-0.16147499653705952,0.22802394150083227,0.1439908035843004,0.01636553425482773,0.02668109886235273,-0.1122700161442054,-0.07777200950545725,0.07775132626104322,0.04077954823440226,0.11346383922703293,-0.17504505441335436,0.08915242149687277,-0.3402816082771494,0.047221506619075926,0.10295883824134286,0.02791670735375758,0.014024079171536884,0.026641514073768722,0.0699770776420083,-0.12906040504772762,-0.14661317192826884,0.042178677230638034,-0.09605544058135868,0.14569686811557275,0.12752582849629596
target_touch_y_location_mad,0.04496203306431647,0.20217595676415695,0.20176080687643635,0.009671959380044285,-0.16414483693239695,-0.08931275235229519,0.13155102302256072,0.043067953487044244,0.09581514126418564,0.0848087786081381,0.08887078169014558,-0.022232662162414544,0.07799767593414683,-0.15806435814099049,0.17743425250785644,-0.01603775650413173,-0.05833092203727565,-0.08122742716500406,0.280349527597243,-0.04611488504027483,-0.13190747385403465,-0.12253275201375774,-0.044319331197623546,-0.10861395102396763,0.027977158832844337,-0.03551344641462227,-0.006861253926709108,0.06590403499890121,0.011709452690892177,-0.004346080536186431,-0.008386589994252,0.038218676256594364,-0.11209467339867558,0.08484046952185537,-0.2280809174554423,0.08492453954366076,0.14241534707900838,-0.05677768185873844,0.03720324637572144,0.04470692145226905,-0.035920511354999636,-0.04156487728307338,-0.11819303077467898,0.039648848770660494,-0.11724958288251178,0.1483446498518111,0.09218934860232793,-0.06223812520256365,0.298451258293406,-0.09693838897562224,0.14563646638126967,0.00680047443939269,0.27625256084155375
x_location.down_max,0.10085115671710551,-0.11415270416472059,-0.022626835152989563,0.10068828261232762,-0.011204492370608821,0.03383682193301052,-0.22612089319728204,0.050297878356884144,-0.014541992831991441,0.022085852994404048,-0.22964774351992817,0.1374885105323351,-0.14716616952783076,0.02846163336894175,-0.18453113987588166,-0.09849140058627924,-0.11350334318424213,0.1895240563605719,0.02315885407674545,-0.1540431463774551,0.14574042364691797,0.12946004404569872,0.15015947558487444,-0.3198590404006001,0.02156504826179277,-0.18019665058143353,-0.12387735819884346,0.10131714116366475,0.10241798511017648,0.07844107627207861,-0.050459401044937506,-0.023947681726630955,-0.32249673062732903,-0.21791730956057884,0.12071167878130848,-0.11869314552297325,-0.01875613043458988,-0.1392958036731725,-0.008382249203858473,0.04402114634527227,0.010769915778927608,-0.07744602092012602,0.02180421357026304,-0.1894892257538899,0.20640351187758624,0.1007359640359663,0.07493329331108109,-0.11793015362258162,0.1945305840040331,-0.004945258026352022,-0.08020158478673367,0.033422545577543754,0.19293957860680955
y_location.down_max,0.09077655315016624,-0.013729809819869716,0.1310059351740083,0.06298442169542778,0.010559120933855082,-0.19001141894597612,0.07693210321706578,-0.10897484204685462,-0.0520198110117979,0.1372214516533638,0.05290387500065825,0.1433397740765341,0.14678114849568114,0.08634670377548395,-0.11861361106789628,-0.01357438745652741,0.12048351620159935,0.27160059506004164,0.1503924189126081,-0.328347797843186,0.32613519641586863,-0.08436977924028051,-0.005210210852623187,0.26431568694160257,-0.08993607382716125,-0.2961788058608772,0.15366633130488325,-0.08048864785538432,0.004776774373886017,-0.13931746344630452,-0.02418191279503041,0.07534083594042291,-0.11285313353577583,0.132688395011106,-0.055380704143666984,0.07519407053263594,0.15728271368777105,-0.010934323839722992,-0.12494456194079208,-0.08399609914373055,-0.08703865122556459,0.1075058652244346,-0.05691926527682256,-0.018535724076498235,0.021202067984848368,0.02132801459758832,-0.15544758871226333,-0.05779981334541598,-0.13902592439227437,0.00032420292427597433,0.12639200110438314,0.024630742586489555,-0.05086367067607644
swipe_length_max,0.00835286838084971,0.15100891206867187,0.22160463564689975,0.03755276322702206,0.03065271726311867,0.0527401355970398,-0.26890978620002914,-0.15493993121718957,-0.023691103179084544,0.05002162467773408,0.052918422941779814,-0.11706624326881901,0.07797133496072028,-0.21367254396258586,-0.020008977833914574,0.01988170151186992,-0.16036526912540153,-0.21096589082280928,-0.16170089387946313,0.0007082320343534121,0.06100898800791302,0.0648784304778763,0.056982257083382976,-0.02218179297903211,-0.02656558853563954,-0.17365117060100643,0.02924216346905,-0.06473671250426757,0.13105803563239093,0.21778002088022871,0.08055974513467404,0.024745236810500674,0.23919700325804577,-0.020676005134495513,-0.17518600089140385,-0.3195647386622361,0.243236852560942,-0.24299292992807975,0.11914529121189131,4.4729303672885745e-06,0.13747767428717012,0.17543631732235418,-0.002356819421929779,-0.11534645795440618,-0.11626609476526015,-0.05659086570327641,0.10658701303823714,0.020607049342308746,-0.014291437822276702,0.021736793531151308,-0.06604844646000975,-0.05249665645231215,0.0477696382618267
swipe_length.x_max,-0.003165669858089181,0.1318265543109745,0.23165659789381837,0.08203157764477262,0.0631197350919939,0.016626033531486187,-0.24123739682849407,-0.12293296529085945,0.02182395611165149,0.0952615290578546,-0.18512675598107764,0.015235293683398803,0.07617228705395057,-0.11199922369300547,-0.1079025191519553,-0.06109642333950148,-0.2725255267241385,0.05516091386922263,-0.08534111185454246,0.05682008067404987,0.14014604834511635,0.09826194807671945,-0.07557433095791966,0.14918292273939385,0.16714613027984027,0.170427221087605,-0.029796870904063084,0.032350082429614666,-0.11439962954482719,-0.21043473966045784,0.02047677932024932,0.30252690615142264,0.1100919453975608,0.10198110129367148,0.03410905046589455,-0.04067995189414913,-0.17187567905925677,-0.09954663083969961,-0.3731017612832329,0.14229231956414384,-0.08251731214806514,-0.06473701730189405,-0.046434770121794616,0.3088054476969709,0.011279889583581445,-0.001565543251380858,-0.0674389884439887,0.023338572876961713,0.009788059833453409,-0.013146311027481976,-0.002790685241615569,0.07359046310612302,0.10260210917591255
swipe_length.y_max,-0.05740942177323785,0.1679750555234245,0.10089150800728455,-0.14794590706058408,0.1520885449256714,-0.0035220798303666756,-0.071157436219991,-0.13295009546524122,0.008317360526376438,0.09152733536587568,0.06060113885643362,-0.174266403690111,0.26253328466062753,-0.06105563367204404,-0.004107385071325936,0.10975367621357351,-0.0008942263700579024,0.1648070155365326,-0.14688521957225317,0.16420229977996878,-0.025685816584121605,-0.3391454200618018,0.08999889494114281,0.08136565886717947,0.28189801916072993,0.06723072682024091,-0.03755552347408353,0.0518552678696674,0.20832455129702535,0.017622775930969656,-0.11226387632316231,-0.04753116878510897,-0.2404293963305764,-0.13718762841098694,0.0031478354587311484,0.13860944129234035,-0.019143452689974222,-0.009754593638081857,0.04001819366663239,-0.1384433591864603,-0.0626308885046297,-0.11821528008052055,0.2627846953137563,-0.16199843050037455,0.10689868261018945,-0.23334956867719434,-0.11220997695017648,0.04111026048100576,0.024796769958999744,-0.13888915359586396,-0.06731618619781787,0.09026870136199824,0.001602045559271431
button_touch_y_location_max,0.12357486811563759,-0.11281561188942517,0.07721439468028383,0.03744447822835721,-0.03926347082069595,-0.027504947048598218,0.04467672244171469,0.0433287505683705,0.08009023897908318,-0.16639804370364608,-0.11084766427402251,0.023455908116982414,0.22265069942247448,-0.09047250619994457,0.16689919421776075,0.09986465415713172,0.01806086717438779,0.18112142818319532,0.1507408933645848,-0.020759076740776313,0.03755908712664747,-0.10813690971484258,0.08728371270562416,-0.01777429548535457,0.013803162754922344,0.45679552977011467,0.16810123661528026,-0.1824120881754212,0.23191516553734304,0.1636746041228589,0.059763548275364536,0.03214256357836457,-0.011702254658271558,-0.12332656979785243,-0.03552464845911092,-0.2120752522234171,-0.05323346428876728,-0.012527897682758901,-0.04675602965419193,-0.02301077914505969,0.07586906934821329,0.22140978623840138,-0.16618959444685855,0.09311294584152277,0.25271268863951846,0.10056143274572132,0.06921132860103851,-0.12416495342400775,-0.06331966508822864,0.07187428605760277,0.04925688138374122,0.10018892647986613,0.021748032527950933
x_location.release_max,0.1268040952339681,-0.06091657213597715,0.08523384586045672,0.08106264173853009,0.06996501590372585,-0.06333086116039245,0.015578011554320849,0.09985313840665896,0.07057761456235359,0.11978762031630769,0.008383207516043118,0.1719854327479452,-0.1131171100399556,-0.1522217179211257,0.10013695124276584,-0.21387947402864652,0.16586392072841122,0.12407976824227086,0.10451763509657445,0.15834739822459734,0.06314645361227761,0.01885228320886137,-0.15539778856149716,-0.16098078009104416,0.3523155619519822,0.010645906441782753,-0.062097250195939195,0.1774113102862195,0.11150266543993202,-0.11214255335709333,0.04576153171149198,0.057847623268558926,0.0801269127254042,0.28895165117146104,-0.08425838893375434,-0.09383911825225227,-0.17376448313806614,-0.20033395300467824,0.2724936001170353,0.030823393194661527,-0.0657473063971475,0.00403584214508421,0.06807072790506322,-0.08114626845959788,0.08672680355494052,0.08411147246206674,-0.0031859817155903414,0.006951289010301918,-0.2742511629877463,-0.17404060988538742,-0.07505990384295992,-0.09591725190333639,-0.08807601642202625
y_location.release_max,0.026746362707158855,0.05175273131870315,0.19608087965533072,-0.03717596572667753,-0.010165498710712708,0.021491170093312813,-0.14794735847747062,0.1736008524727804,0.13719387552274567,0.02677931325318965,0.019628671047193482,0.0635228971349037,0.2913025021417647,0.24534620206935323,-0.03837452563350087,0.13309110115466535,-0.1537550816739457,0.25480521637547326,-0.06016343904447533,0.06381422809851607,-0.3335511047611216,-0.197300993955918,-0.06893763535710778,-0.27474170930280695,-0.33034454641933503,-0.05473434464949878,-0.01872171477645178,0.16669485571762774,-0.22037347339237467,-0.03512444384972855,0.12255846917863655,-0.07243179931748336,-0.03710796617471796,0.1555630739294056,0.016425403149582164,-0.12102188694733489,0.02870435134483114,-0.02603536093529888,-0.02042494810932126,-0.002605681474327645,-0.1277163804470975,0.10896147451678685,-0.021850067084862403,0.026392738117436438,0.06759590782965107,-0.10673167624844777,-0.06803536627925558,0.10348476279379173,-0.1022669266726441,0.03741690096247915,-0.07231714627372277,-0.08739215105738778,0.014037489673384616
difference.touch_buttonCenter_x_max,-0.07466917553338201,0.2218480921540332,0.0653194502722239,-0.017075525800540566,-0.017027828023810414,-0.006880262945539978,-0.12342922870373885,0.2169438240544804,-0.21650857090311743,0.09905636582112672,-0.004224176358271894,0.037623639401341294,-0.1561240507163179,-0.040871471783986785,-0.057851050888150665,0.171087223558317,-0.02433334829225944,-0.05817757006582348,0.1324738123170047,-0.022393790161791004,-0.10863610505148708,0.01910871391572614,-0.04632169118993404,0.23611582262243183,-0.023456711185139485,0.19039973510456704,0.09007748384680946,0.1766308834856276,-0.03081780528167582,-0.06211688762726941,0.24067944531329957,0.038739923751152636,-0.00650000838018552,-0.058227115569659746,0.21429263977181626,0.13083568456561695,0.00013574362772154902,0.07847267330013474,0.2480127212683079,0.28092611072695634,-0.029377075089124557,-0.001627100297501436,-0.18896696722549905,-0.12290436433720592,0.22502010463370406,0.02816051651476472,-0.06558057202274141,0.005521427961645689,-0.0131573436069551,-0.010682222899084916,-0.11146356670908088,-0.06668087140856896,0.04440380680237273
difference.touch_buttonCenter_y_max,-0.0745255104439085,0.18765659324117395,-0.07153150176430828,-0.1256335661315165,0.07703074440890205,0.011601577776285062,0.0859054451912056,0.0910758510702088,0.04876748839101716,0.07355525734144927,-0.08616372443906328,0.13979780053021995,0.13931719322487082,-0.19143433202961008,-0.25879713147071765,-0.24331923498024888,-0.023188008090601224,0.07247868301751087,0.10716040729357797,-0.060184185620354776,-0.1444931586606499,-0.0020990705007609203,0.1557506314078997,0.052979784086419235,-0.01293463999338803,-0.25088105752739226,0.22233220937396175,-0.13326955672455754,0.21243258873040452,0.037654412759730235,0.054286095905820744,-0.21058493858761,0.2658129095040024,-0.011709028665827783,0.18718955682164048,0.1291282298665776,-0.12086468249767558,-0.10345322626320963,0.02953446851608566,-0.03677366500800534,-0.0027187089020530913,0.04618698502676227,-0.21876244781380402,0.02005564270638363,0.005696622502827375,-0.10849449711259794,-0.07072529330356561,-0.0648759870782582,0.03806149732452577,0.07243136664427186,-0.20959297227336432,-0.026980069433934023,0.008540533867068434
touchAccuracy_y_max,-0.059533698987119923,0.19177991852027007,-0.008457294377334945,0.12207037296465198,0.08428358991607426,0.1349351550455234,-0.03040936317538907,0.19681885096343574,-0.0026724991984090965,-0.2812377279459664,0.00297099393380308,0.013873688933315283,-0.1857616775898865,-0.05450322921552301,-0.01651749613053099,-0.2516808037885452,-0.13264815378175523,0.25591161766189274,-0.005775281071637009,-0.07627861685569673,-0.11276966569411657,-0.07996233307422082,-0.0431288349220767,0.0671185867777872,0.06759454100956001,0.11803753507766855,-0.05873022146595615,-0.0487240371137766,-0.059666837848133036,-0.11450890584975842,-0.012633957339923441,-0.09925387922682435,0.07956041200835563,-0.003690262500812398,-0.11195575826870874,0.0856756172437785,0.11725692830281242,-0.16067143738021017,-0.03761197211020504,-0.056331006602918475,0.16210203740171614,0.05688421588058822,0.06315509166912238,-0.18772486334409486,0.016261024992506052,0.10429723796421503,-0.1753260139297221,0.27159264041623055,0.1822932749221581,-0.004459022622551243,0.3555122029596942,-0.05031782947419481,-0.17215216346975856
x_location.down_min,0.05633315437635464,-0.019118098166796712,-0.06832070609396991,0.210843415522349,-0.2235084407145127,0.0805025134441004,0.0008607106319415275,-0.0921671785460802,-0.01847136441760297,0.11716353039477088,0.06926579520860945,-0.14021574341561208,0.15174646476213877,-0.25067526970798576,-0.18847065021940085,-0.06306525292440819,0.16273553440907418,0.03374119015442767,-0.24599746527118108,0.19511635848725628,-0.1818724782622695,0.19739431686320782,-0.14777599797448887,0.12836442019455754,-0.14537485315109974,0.03792093113682188,-0.016895904690102548,-0.17267769595161384,0.13423178841139607,-0.21078898486296735,0.049200075082140346,-0.2028869599205179,-0.1998453638333643,0.014976755959867735,0.09973399169090123,-0.026450444584369716,0.0785923262608628,0.007394134820756529,-0.0628767758408735,0.00954059845393149,-0.15485994427520278,0.08754114628904529,0.049820807679987526,-0.09160965524384178,0.11959403395309633,0.21202228345641141,-0.0237348987822794,-0.07178956672104177,0.06782807680276563,-0.21608337321065085,0.11372132595420571,-0.02262820348254313,0.11645410196649719
y_location.down_min,0.037262136398149126,-0.16907786249939638,0.06861377007736447,0.12642844459495584,-0.18663192550883745,0.1393902936241906,0.019197138166465975,0.0336133508809993,0.004331854857612496,-0.09411641725507086,0.299507022242088,0.03719227967254789,-0.05753644751340714,-0.008271975696036243,-0.1822200223665752,0.08405716757258785,0.06114981772968909,-0.1243837870583047,0.022489536083158936,0.04287363522002899,0.09624299696950811,-0.4194709810471644,0.22443838608458772,0.01110502516933911,0.14526126465722483,-0.0075210783873227716,-0.20044579071684931,0.1776711393945803,0.19481102354115337,-0.16639896428288903,0.21710417102251373,0.05078103325462159,0.05724785066895634,-0.009086448288267213,0.20275873524908467,-0.03313037492884276,0.13888858227041934,0.011085545671865225,-0.14720427025429722,0.08163105295515262,-0.011590985456613394,-0.0214145270474191,-0.10301502153502054,0.02709127707919065,-0.1581021907323913,0.001100850906391164,0.10541497050154594,-0.1354545130684613,-0.009855190994518963,0.0439777687602948,0.07311233680343798,-0.127091851225151,-0.064264507188392
swipe_length_min,-0.03563868596174051,-0.037799274875012605,-0.04083986387151744,0.01975535225116666,-0.06568883348626603,0.07274590001414394,0.027777807184495386,0.18344604297665426,0.40053218302505705,0.2428170698613635,0.019680669465310326,-0.3137099694505052,-0.10926583965068228,0.2504469680958205,-0.005774167280151177,0.0037688900205750525,-0.13984830731152703,-0.001880655723865237,0.17515790048956376,0.10934813882466926,-0.018221938026691555,0.18754393970396296,0.040447863607973304,-0.07422181827603305,0.013736587061600622,0.02297544057687425,0.19572627184236863,0.018315896064167482,0.13132507556413997,-0.08083136866021415,0.019625910166030606,0.1613939453813659,0.020413203336227065,-0.06620859052805306,0.03196748220279089,0.12147125356896078,-0.021969672635836213,-0.09997320029197324,-0.05912572210645821,-0.2510896463186959,-0.12046569988184079,0.13489876704747117,-0.08533721493312145,-0.1654219098343705,-0.11827825763879128,0.016896788386700688,0.11397269492051586,-0.028974864122132557,-0.16858869127121764,-0.10208316152505885,0.10716047879043465,0.10895573663473979,0.016997040685975698
target_touch_x_location_min,-0.02047040791752779,-0.26884010219699267,-0.019530998778575677,0.0018165482788865261,0.124151092132494,0.018317769054325705,-0.02299252197176052,0.1920110977431685,-0.09380879919235693,0.059962777211911636,0.10490919984195894,-0.24693451508221664,0.10690855617096406,-0.20608950796223252,-0.061782934753665884,0.14405740726163,-0.10965804349894334,0.11675583915798586,0.08722948184565926,-0.00778066864318732,0.00461520778204445,0.06804911894213492,-0.026679033223006923,0.05755894485314805,0.034017651908523266,0.05058446567615786,0.08827834155694085,-0.09821431973493354,-0.06922473759100142,-0.09836096101577885,0.0664394765281601,-0.08330410506994085,-0.08876107041631995,-0.14088816271746765,0.05236694358853593,-0.053601683138382636,0.036344660375660046,-0.2929966570044506,0.08916315435460491,0.06388062038453719,-0.090977016314772,-0.3819819321502127,-0.15448825560452223,0.0025743687012033806,-0.19346439089022688,0.06213920294968678,0.0045695490112799535,0.12060652690597093,-0.06419891195968017,0.31089611323667143,0.05507201899212447,0.15645552727348794,-0.0730619092526672
target_touch_y_location_min,-0.04090644039665041,0.09232370446937473,0.1269668211904226,-0.18211286627724355,0.11213685726418067,0.13065699085048443,0.10953061675778751,-0.1723031927196234,0.03409589358041913,-0.022531085891065762,0.006840254224643745,-0.3032435154517346,-0.07770258343361784,-0.14173373918204912,-0.19131780159366982,0.017531463331732382,0.20957144552504886,0.20088230966799164,0.06659552166152458,0.01543091792268101,0.11028672044668877,0.19752836299381304,-0.10588001574434391,-0.2900731424110075,-0.0025450020207929552,0.10785342455602182,-0.2572816698652097,0.03795793648511446,-0.023204484005204445,-0.1474654062167417,0.009614996664838962,0.03166414188885193,0.12615249337059378,-0.026708376559050215,-0.04694495270029549,0.1732487602603381,0.23846601150328686,0.19343085981270464,0.0526426918747564,-0.13456603646228532,0.08855793655095301,0.05189161073278514,-0.2087913470654043,0.11301872279471672,0.03502486666978288,-0.022414138139709286,-0.11076846711005786,-0.02731000289888802,-0.03732798497403053,0.09491485173703271,-0.17243793390410384,-0.05667530877447641,0.1254170080356669
x_location.release_min,0.02691168709897419,-0.11891501481607702,-0.1257230813243055,0.06627499479483095,-0.3334880189106222,-0.0669674341361163,0.01922558798433778,0.09765757353336815,-0.05947152543865208,-0.06153531421469688,0.11520870301292746,-0.006529804892610666,-0.08233303502429237,-0.18434983609002953,-0.18235011627255057,-0.06129207374955159,0.012460947842555447,0.13539678882494913,0.027312576014252257,0.24904889521875676,0.005007697552135287,-0.06693309363236032,-0.13166169633239302,0.08152871142914478,0.015580408715101893,-0.1352439943476038,0.1898508927212591,0.028966495720151204,-0.214598273452187,0.22606828511667126,0.162287884989085,0.3984189154808895,-0.07164586910973052,-0.05288348966153066,-0.11168818403336245,-0.1324311871565449,0.05355736465415973,0.10087689535501536,0.009360069787259409,-0.26606816615019885,0.17586143044167685,-0.07927894599050281,-0.029415384779933815,-0.004311325162472571,0.11411759225799317,-0.1272151964373518,-0.16182015994957336,0.14293255354798642,0.06923995690973385,-0.029015343903491052,-0.16384988862994854,0.07645015185388418,0.04788786240964079
y_location.release_min,-0.0558197806440634,-0.02269753354999634,0.11689648636480693,0.12027798755687641,-0.10043837335338603,0.13889428113852387,-0.042449117977217427,0.018749495238603503,0.2218629489471955,-0.07991194787128225,0.35112703743205553,-0.1657776366390458,-0.12524096159895096,0.11119971170343816,-0.20870488554783134,0.08168766199958936,0.0029547260097619044,-0.014495390085955545,-0.12476635892173644,-0.32680665693326794,-0.03892687869160098,0.08816531324430935,-0.10407097469317256,0.10913748496431523,0.20163439591627647,-0.0452852197572665,0.10219691300639674,0.11242327089531909,0.05880672667764328,0.15429794906511968,-0.1970292798661043,-0.19434139896672514,0.06826936902888317,0.11761701700443235,-0.1244278106697237,-0.2341053652031063,-0.21606866173751305,0.16659545083658261,0.010364358365633618,0.11512129144302025,-0.15242884385221,0.028435786402104035,-0.10696805126020999,6.75644536371825e-05,0.13991536223417922,-0.006835325006625974,-0.13576908448059274,0.07523810235661144,0.03616896987843196,0.012620301537495354,-0.021856943895722136,0.06748628821173136,0.04270756534224046
touchAccuracy_x_min,0.09042615483301158,-0.11650935747468645,-0.1259385317365841,0.06783737235413272,-0.04541081883548802,0.13397837433109286,0.025712987994968052,-0.3035838380198765,-0.04153558987220875,-0.10651631198947252,-0.07342139008287404,-0.1856120233754188,0.09186659681351837,0.1281835302691851,-0.05533896811255561,-0.19438043249439718,-0.12167001567813163,-0.014950970771066704,0.13923401304795907,-0.06081584946742325,-0.10345449458284264,-0.08513285456874213,-0.07246583695261925,-0.02860640310127785,0.22463137992746143,-0.026809899505505462,0.1650624521865577,0.02353261498291619,-0.1689879704570565,0.06177093596328746,0.05095425594000194,0.02275017911528352,0.022134314568844876,0.20016239593998628,0.09499016489338566,0.22362512508060736,0.22265373520977375,-0.14654968898905565,-0.11055681245662613,0.10031493627715128,-0.13960235813298083,0.024189021053255932,0.0813217021434041,-0.09518426204646979,0.12797785551003782,-0.008622170205320523,0.3093945617598188,0.1497682855116463,0.0938382035018605,0.1227966169317574,-0.14711565968977292,-0.07835585080701732,0.008349293748841247
touchAccuracy_y_min,0.07786682566798614,-0.07834578218089383,0.14550537605574282,0.01959194436929923,-0.012157181646994322,-0.28331356724753554,-0.24319938048455225,0.02743469263067587,-0.1540460041950086,-0.08656848139679622,0.11628463661523236,-0.11228619088598943,-0.020838794250552663,0.17299622850098695,0.010669495678133467,-0.14479485284237992,0.20012207073395133,-0.06791704427551089,-0.02417631804434764,0.001967454723737279,-0.10976923533179797,0.06873725024298741,0.06409077579325534,-0.1427281336583368,-0.022783493829217922,0.1093984382992561,0.09502747442656465,-0.12602137540496194,-0.07537912770217581,-0.09542187503773945,-0.048991693470461214,0.0043265780296629225,0.025438276538031046,0.030963572268635664,0.08676529578725566,0.0842637250515956,-0.029035546055240443,0.0646032320582566,-0.11957607248196608,0.06429520286731537,0.02670805497450625,0.013631034758736893,-0.10816677620065193,0.05043112890594077,0.05550989632375809,0.06392504603850668,0.06810730983844467,-0.03465208585737334,0.2281589507077101,-0.14831939027963342,-0.12489855250439881,0.08660049357961633,-0.046665425820428215
x_location.down_count,0.1872172742831307,0.045674741562678076,0.0051321226282883105,-0.09725467944529932,-0.002734616012451339,0.03542635676846531,-0.003267476187282743,0.0053735826815498565,0.0004201116744913802,-0.016323377164146915,0.018591736706671462,0.003732779321079174,-0.03082097026457591,-0.00254474017827253,-0.016375144362366034,0.018578388054725774,0.0063329010213062,-0.006076903686467556,-0.005376454223265159,-0.006762774759896773,0.004224769228791295,0.013601215278320516,-0.01983539172947949,0.012281526379602784,-0.005189362407081219,0.004847199629860726,0.01124858100272666,0.008490046875553367,-0.007055827063922248,0.024196479945497763,0.002981291140894217,-0.009992474338155057,-0.0013263014027911357,-0.007349503083897594,0.02191705860231114,-0.0006462681193437816,0.003958098182342197,-0.017019957793169282,-0.016207866265213117,-0.009731729650623147,-0.012264749860435218,-0.019265814189174946,0.004511587696706697,0.0034846672853266723,-0.004226743528002827,-0.0010174908977676617,0.00043876724772671377,-4.806711048289903e-05,-0.004690652958634477,-0.009169859771259996,0.026088281717998672,0.011326956826834073,-0.014171464752367207
y_location.down_count,0.1872172742831307,0.045674741562678076,0.0051321226282883105,-0.09725467944529932,-0.002734616012451339,0.03542635676846531,-0.003267476187282743,0.0053735826815498565,0.0004201116744913802,-0.016323377164146915,0.018591736706671462,0.003732779321079174,-0.03082097026457591,-0.00254474017827253,-0.016375144362366034,0.018578388054725774,0.0063329010213062,-0.006076903686467556,-0.005376454223265159,-0.006762774759896773,0.004224769228791295,0.013601215278320516,-0.01983539172947949,0.012281526379602784,-0.005189362407081219,0.004847199629860726,0.01124858100272666,0.008490046875553367,-0.007055827063922248,0.024196479945497763,0.002981291140894217,-0.009992474338155057,-0.0013263014027911357,-0.007349503083897594,0.02191705860231114,-0.0006462681193437816,0.003958098182342197,-0.017019957793169282,-0.016207866265213117,-0.009731729650623147,-0.012264749860435218,-0.019265814189174946,0.004511587696706697,0.0034846672853266723,-0.004226743528002827,-0.0010174908977676617,0.00043876724772671377,-4.806711048289903e-05,-0.004690652958634477,-0.009169859771259996,0.026088281717998672,0.011326956826834073,-0.014171464752367207
touch.duration_count,0.1872172742831307,0.045674741562678076,0.0051321226282883105,-0.09725467944529932,-0.002734616012451339,0.03542635676846531,-0.003267476187282743,0.0053735826815498565,0.0004201116744913802,-0.016323377164146915,0.018591736706671462,0.003732779321079174,-0.03082097026457591,-0.00254474017827253,-0.016375144362366034,0.018578388054725774,0.0063329010213062,-0.006076903686467556,-0.005376454223265159,-0.006762774759896773,0.004224769228791295,0.013601215278320516,-0.01983539172947949,0.012281526379602784,-0.005189362407081219,0.004847199629860726,0.01124858100272666,0.008490046875553367,-0.007055827063922248,0.024196479945497763,0.002981291140894217,-0.009992474338155057,-0.0013263014027911357,-0.007349503083897594,0.02191705860231114,-0.0006462681193437816,0.003958098182342197,-0.017019957793169282,-0.016207866265213117,-0.009731729650623147,-0.012264749860435218,-0.019265814189174946,0.004511587696706697,0.0034846672853266723,-0.004226743528002827,-0.0010174908977676617,0.00043876724772671377,-4.806711048289903e-05,-0.004690652958634477,-0.009169859771259996,0.026088281717998672,0.011326956826834073,-0.014171464752367207
swipe_length_count,0.1872172742831307,0.045674741562678076,0.0051321226282883105,-0.09725467944529932,-0.002734616012451339,0.03542635676846531,-0.003267476187282743,0.0053735826815498565,0.0004201116744913802,-0.016323377164146915,0.018591736706671462,0.003732779321079174,-0.03082097026457591,-0.00254474017827253,-0.016375144362366034,0.018578388054725774,0.0063329010213062,-0.006076903686467556,-0.005376454223265159,-0.006762774759896773,0.004224769228791295,0.013601215278320516,-0.01983539172947949,0.012281526379602784,-0.005189362407081219,0.004847199629860726,0.01124858100272666,0.008490046875553367,-0.007055827063922248,0.024196479945497763,0.002981291140894217,-0.009992474338155057,-0.0013263014027911357,-0.007349503083897594,0.02191705860231114,-0.0006462681193437816,0.003958098182342197,-0.017019957793169282,-0.016207866265213117,-0.009731729650623147,-0.012264749860435218,-0.019265814189174946,0.004511587696706697,0.0034846672853266723,-0.004226743528002827,-0.0010174908977676617,0.00043876724772671377,-4.806711048289903e-05,-0.004690652958634477,-0.009169859771259996,0.026088281717998672,0.011326956826834073,-0.014171464752367207
swipe_length.x_count,0.1872172742831307,0.045674741562678076,0.0051321226282883105,-0.09725467944529932,-0.002734616012451339,0.03542635676846531,-0.003267476187282743,0.0053735826815498565,0.0004201116744913802,-0.016323377164146915,0.018591736706671462,0.003732779321079174,-0.03082097026457591,-0.00254474017827253,-0.016375144362366034,0.018578388054725774,0.0063329010213062,-0.006076903686467556,-0.005376454223265159,-0.006762774759896773,0.004224769228791295,0.013601215278320516,-0.01983539172947949,0.012281526379602784,-0.005189362407081219,0.004847199629860726,0.01124858100272666,0.008490046875553367,-0.007055827063922248,0.024196479945497763,0.002981291140894217,-0.009992474338155057,-0.0013263014027911357,-0.007349503083897594,0.02191705860231114,-0.0006462681193437816,0.003958098182342197,-0.017019957793169282,-0.016207866265213117,-0.009731729650623147,-0.012264749860435218,-0.019265814189174946,0.004511587696706697,0.0034846672853266723,-0.004226743528002827,-0.0010174908977676617,0.00043876724772671377,-4.806711048289903e-05,-0.004690652958634477,-0.009169859771259996,0.026088281717998672,0.011326956826834073,-0.014171464752367207
swipe_length.y_count,0.1872172742831307,0.045674741562678076,0.0051321226282883105,-0.09725467944529932,-0.002734616012451339,0.03542635676846531,-0.003267476187282743,0.0053735826815498565,0.0004201116744913802,-0.016323377164146915,0.018591736706671462,0.003732779321079174,-0.03082097026457591,-0.00254474017827253,-0.016375144362366034,0.018578388054725774,0.0063329010213062,-0.006076903686467556,-0.005376454223265159,-0.006762774759896773,0.004224769228791295,0.013601215278320516,-0.01983539172947949,0.012281526379602784,-0.005189362407081219,0.004847199629860726,0.01124858100272666,0.008490046875553367,-0.007055827063922248,0.024196479945497763,0.002981291140894217,-0.009992474338155057,-0.0013263014027911357,-0.007349503083897594,0.02191705860231114,-0.0006462681193437816,0.003958098182342197,-0.017019957793169282,-0.016207866265213117,-0.009731729650623147,-0.012264749860435218,-0.019265814189174946,0.004511587696706697,0.0034846672853266723,-0.004226743528002827,-0.0010174908977676617,0.00043876724772671377,-4.806711048289903e-05,-0.004690652958634477,-0.009169859771259996,0.026088281717998672,0.011326956826834073,-0.014171464752367207
button_touch_x_location_count,0.1872172742831307,0.045674741562678076,0.0051321226282883105,-0.09725467944529932,-0.002734616012451339,0.03542635676846531,-0.003267476187282743,0.0053735826815498565,0.0004201116744913802,-0.016323377164146915,0.018591736706671462,0.003732779321079174,-0.03082097026457591,-0.00254474017827253,-0.016375144362366034,0.018578388054725774,0.0063329010213062,-0.006076903686467556,-0.005376454223265159,-0.006762774759896773,0.004224769228791295,0.013601215278320516,-0.01983539172947949,0.012281526379602784,-0.005189362407081219,0.004847199629860726,0.01124858100272666,0.008490046875553367,-0.007055827063922248,0.024196479945497763,0.002981291140894217,-0.009992474338155057,-0.0013263014027911357,-0.007349503083897594,0.02191705860231114,-0.0006462681193437816,0.003958098182342197,-0.017019957793169282,-0.016207866265213117,-0.009731729650623147,-0.012264749860435218,-0.019265814189174946,0.004511587696706697,0.0034846672853266723,-0.004226743528002827,-0.0010174908977676617,0.00043876724772671377,-4.806711048289903e-05,-0.004690652958634477,-0.009169859771259996,0.026088281717998672,0.011326956826834073,-0.014171464752367207
button_touch_y_location_count,0.1872172742831307,0.045674741562678076,0.0051321226282883105,-0.09725467944529932,-0.002734616012451339,0.03542635676846531,-0.003267476187282743,0.0053735826815498565,0.0004201116744913802,-0.016323377164146915,0.018591736706671462,0.003732779321079174,-0.03082097026457591,-0.00254474017827253,-0.016375144362366034,0.018578388054725774,0.0063329010213062,-0.006076903686467556,-0.005376454223265159,-0.006762774759896773,0.004224769228791295,0.013601215278320516,-0.01983539172947949,0.012281526379602784,-0.005189362407081219,0.004847199629860726,0.01124858100272666,0.008490046875553367,-0.007055827063922248,0.024196479945497763,0.002981291140894217,-0.009992474338155057,-0.0013263014027911357,-0.007349503083897594,0.02191705860231114,-0.0006462681193437816,0.003958098182342197,-0.017019957793169282,-0.016207866265213117,-0.009731729650623147,-0.012264749860435218,-0.019265814189174946,0.004511587696706697,0.0034846672853266723,-0.004226743528002827,-0.0010174908977676617,0.00043876724772671377,-4.806711048289903e-05,-0.004690652958634477,-0.009169859771259996,0.026088281717998672,0.011326956826834073,-0.014171464752367207
target_touch_x_location_count,0.1872172742831307,0.045674741562678076,0.0051321226282883105,-0.09725467944529932,-0.002734616012451339,0.03542635676846531,-0.003267476187282743,0.0053735826815498565,0.0004201116744913802,-0.016323377164146915,0.018591736706671462,0.003732779321079174,-0.03082097026457591,-0.00254474017827253,-0.016375144362366034,0.018578388054725774,0.0063329010213062,-0.006076903686467556,-0.005376454223265159,-0.006762774759896773,0.004224769228791295,0.013601215278320516,-0.01983539172947949,0.012281526379602784,-0.005189362407081219,0.004847199629860726,0.01124858100272666,0.008490046875553367,-0.007055827063922248,0.024196479945497763,0.002981291140894217,-0.009992474338155057,-0.0013263014027911357,-0.007349503083897594,0.02191705860231114,-0.0006462681193437816,0.003958098182342197,-0.017019957793169282,-0.016207866265213117,-0.009731729650623147,-0.012264749860435218,-0.019265814189174946,0.004511587696706697,0.0034846672853266723,-0.004226743528002827,-0.0010174908977676617,0.00043876724772671377,-4.806711048289903e-05,-0.004690652958634477,-0.009169859771259996,0.026088281717998672,0.011326956826834073,-0.014171464752367207
target_touch_y_location_count,0.1872172742831307,0.045674741562678076,0.0051321226282883105,-0.09725467944529932,-0.002734616012451339,0.03542635676846531,-0.003267476187282743,0.0053735826815498565,0.0004201116744913802,-0.016323377164146915,0.018591736706671462,0.003732779321079174,-0.03082097026457591,-0.00254474017827253,-0.016375144362366034,0.018578388054725774,0.0063329010213062,-0.006076903686467556,-0.005376454223265159,-0.006762774759896773,0.004224769228791295,0.013601215278320516,-0.01983539172947949,0.012281526379602784,-0.005189362407081219,0.004847199629860726,0.01124858100272666,0.008490046875553367,-0.007055827063922248,0.024196479945497763,0.002981291140894217,-0.009992474338155057,-0.0013263014027911357,-0.007349503083897594,0.02191705860231114,-0.0006462681193437816,0.003958098182342197,-0.017019957793169282,-0.016207866265213117,-0.009731729650623147,-0.012264749860435218,-0.019265814189174946,0.004511587696706697,0.0034846672853266723,-0.004226743528002827,-0.0010174908977676617,0.00043876724772671377,-4.806711048289903e-05,-0.004690652958634477,-0.009169859771259996,0.026088281717998672,0.011326956826834073,-0.014171464752367207
time_between_touches_count,0.1872172742831307,0.045674741562678076,0.0051321226282883105,-0.09725467944529932,-0.002734616012451339,0.03542635676846531,-0.003267476187282743,0.0053735826815498565,0.0004201116744913802,-0.016323377164146915,0.018591736706671462,0.003732779321079174,-0.03082097026457591,-0.00254474017827253,-0.016375144362366034,0.018578388054725774,0.0063329010213062,-0.006076903686467556,-0.005376454223265159,-0.006762774759896773,0.004224769228791295,0.013601215278320516,-0.01983539172947949,0.012281526379602784,-0.005189362407081219,0.004847199629860726,0.01124858100272666,0.008490046875553367,-0.007055827063922248,0.024196479945497763,0.002981291140894217,-0.009992474338155057,-0.0013263014027911357,-0.007349503083897594,0.02191705860231114,-0.0006462681193437816,0.003958098182342197,-0.017019957793169282,-0.016207866265213117,-0.009731729650623147,-0.012264749860435218,-0.019265814189174946,0.004511587696706697,0.0034846672853266723,-0.004226743528002827,-0.0010174908977676617,0.00043876724772671377,-4.806711048289903e-05,-0.004690652958634477,-0.009169859771259996,0.026088281717998672,0.011326956826834073,-0.014171464752367207
x_location.release_count,0.1872172742831307,0.045674741562678076,0.0051321226282883105,-0.09725467944529932,-0.002734616012451339,0.03542635676846531,-0.003267476187282743,0.0053735826815498565,0.0004201116744913802,-0.016323377164146915,0.018591736706671462,0.003732779321079174,-0.03082097026457591,-0.00254474017827253,-0.016375144362366034,0.018578388054725774,0.0063329010213062,-0.006076903686467556,-0.005376454223265159,-0.006762774759896773,0.004224769228791295,0.013601215278320516,-0.01983539172947949,0.012281526379602784,-0.005189362407081219,0.004847199629860726,0.01124858100272666,0.008490046875553367,-0.007055827063922248,0.024196479945497763,0.002981291140894217,-0.009992474338155057,-0.0013263014027911357,-0.007349503083897594,0.02191705860231114,-0.0006462681193437816,0.003958098182342197,-0.017019957793169282,-0.016207866265213117,-0.009731729650623147,-0.012264749860435218,-0.019265814189174946,0.004511587696706697,0.0034846672853266723,-0.004226743528002827,-0.0010174908977676617,0.00043876724772671377,-4.806711048289903e-05,-0.004690652958634477,-0.009169859771259996,0.026088281717998672,0.011326956826834073,-0.014171464752367207
y_location.release_count,0.1872172742831307,0.045674741562678076,0.0051321226282883105,-0.09725467944529932,-0.002734616012451339,0.03542635676846531,-0.003267476187282743,0.0053735826815498565,0.0004201116744913802,-0.016323377164146915,0.018591736706671462,0.003732779321079174,-0.03082097026457591,-0.00254474017827253,-0.016375144362366034,0.018578388054725774,0.0063329010213062,-0.006076903686467556,-0.005376454223265159,-0.006762774759896773,0.004224769228791295,0.013601215278320516,-0.01983539172947949,0.012281526379602784,-0.005189362407081219,0.004847199629860726,0.01124858100272666,0.008490046875553367,-0.007055827063922248,0.024196479945497763,0.002981291140894217,-0.009992474338155057,-0.0013263014027911357,-0.007349503083897594,0.02191705860231114,-0.0006462681193437816,0.003958098182342197,-0.017019957793169282,-0.016207866265213117,-0.009731729650623147,-0.012264749860435218,-0.019265814189174946,0.004511587696706697,0.0034846672853266723,-0.004226743528002827,-0.0010174908977676617,0.00043876724772671377,-4.806711048289903e-05,-0.004690652958634477,-0.009169859771259996,0.026088281717998672,0.011326956826834073,-0.014171464752367207
difference.touch_buttonCenter_x_count,0.1872172742831307,0.045674741562678076,0.0051321226282883105,-0.09725467944529932,-0.002734616012451339,0.03542635676846531,-0.003267476187282743,0.0053735826815498565,0.0004201116744913802,-0.016323377164146915,0.018591736706671462,0.003732779321079174,-0.03082097026457591,-0.00254474017827253,-0.016375144362366034,0.018578388054725774,0.0063329010213062,-0.006076903686467556,-0.005376454223265159,-0.006762774759896773,0.004224769228791295,0.013601215278320516,-0.01983539172947949,0.012281526379602784,-0.005189362407081219,0.004847199629860726,0.01124858100272666,0.008490046875553367,-0.007055827063922248,0.024196479945497763,0.002981291140894217,-0.009992474338155057,-0.0013263014027911357,-0.007349503083897594,0.02191705860231114,-0.0006462681193437816,0.003958098182342197,-0.017019957793169282,-0.016207866265213117,-0.009731729650623147,-0.012264749860435218,-0.019265814189174946,0.004511587696706697,0.0034846672853266723,-0.004226743528002827,-0.0010174908977676617,0.00043876724772671377,-4.806711048289903e-05,-0.004690652958634477,-0.009169859771259996,0.026088281717998672,0.011326956826834073,-0.014171464752367207
difference.touch_buttonCenter_y_count,0.1872172742831307,0.045674741562678076,0.0051321226282883105,-0.09725467944529932,-0.002734616012451339,0.03542635676846531,-0.003267476187282743,0.0053735826815498565,0.0004201116744913802,-0.016323377164146915,0.018591736706671462,0.003732779321079174,-0.03082097026457591,-0.00254474017827253,-0.016375144362366034,0.018578388054725774,0.0063329010213062,-0.006076903686467556,-0.005376454223265159,-0.006762774759896773,0.004224769228791295,0.013601215278320516,-0.01983539172947949,0.012281526379602784,-0.005189362407081219,0.004847199629860726,0.01124858100272666,0.008490046875553367,-0.007055827063922248,0.024196479945497763,0.002981291140894217,-0.009992474338155057,-0.0013263014027911357,-0.007349503083897594,0.02191705860231114,-0.0006462681193437816,0.003958098182342197,-0.017019957793169282,-0.016207866265213117,-0.009731729650623147,-0.012264749860435218,-0.019265814189174946,0.004511587696706697,0.0034846672853266723,-0.004226743528002827,-0.0010174908977676617,0.00043876724772671377,-4.806711048289903e-05,-0.004690652958634477,-0.009169859771259996,0.026088281717998672,0.011326956826834073,-0.014171464752367207
touchAccuracy_count,0.1872172742831307,0.045674741562678076,0.0051321226282883105,-0.09725467944529932,-0.002734616012451339,0.03542635676846531,-0.003267476187282743,0.0053735826815498565,0.0004201116744913802,-0.016323377164146915,0.018591736706671462,0.003732779321079174,-0.03082097026457591,-0.00254474017827253,-0.016375144362366034,0.018578388054725774,0.0063329010213062,-0.006076903686467556,-0.005376454223265159,-0.006762774759896773,0.004224769228791295,0.013601215278320516,-0.01983539172947949,0.012281526379602784,-0.005189362407081219,0.004847199629860726,0.01124858100272666,0.008490046875553367,-0.007055827063922248,0.024196479945497763,0.002981291140894217,-0.009992474338155057,-0.0013263014027911357,-0.007349503083897594,0.02191705860231114,-0.0006462681193437816,0.003958098182342197,-0.017019957793169282,-0.016207866265213117,-0.009731729650623147,-0.012264749860435218,-0.019265814189174946,0.004511587696706697,0.0034846672853266723,-0.004226743528002827,-0.0010174908977676617,0.00043876724772671377,-4.806711048289903e-05,-0.004690652958634477,-0.009169859771259996,0.026088281717998672,0.011326956826834073,-0.014171464752367207
touchAccuracy_x_count,0.1872172742831307,0.045674741562678076,0.0051321226282883105,-0.09725467944529932,-0.0027346160124513347,0.035426356768465304,-0.0032674761872827363,0.005373582681549853,0.0004201116744913802,-0.016323377164146904,0.01859173670667146,0.003732779321079195,-0.030820970264575902,-0.0025447401782725406,-0.016375144362366027,0.01857838805472574,0.006332901021306164,-0.006076903686467594,-0.005376454223265166,-0.006762774759896801,0.004224769228791274,0.01360121527832054,-0.01983539172947949,0.012281526379602788,-0.005189362407081257,0.0048471996298607226,0.011248581002726667,0.008490046875553395,-0.007055827063922186,0.02419647994549779,0.0029812911408942447,-0.009992474338155017,-0.001326301402791115,-0.007349503083897566,0.021917058602311093,-0.0006462681193437798,0.0039580981823422665,-0.017019957793169265,-0.016207866265213023,-0.00973172965062307,-0.012264749860435138,-0.019265814189174932,0.004511587696706742,0.0034846672853267556,-0.0042267435280026015,-0.0010174908977677137,0.00043876724772695663,-4.8067110482826175e-05,-0.0046906529586347116,-0.009169859771260155,0.026088281717998554,-0.016742185797424973,-0.02623724920829244
touchAccuracy_y_count,0.1872172742831307,0.045674741562678076,0.0051321226282883105,-0.09725467944529932,-0.0027346160124513347,0.035426356768465304,-0.0032674761872827363,0.005373582681549853,0.0004201116744913663,-0.01632337716414691,0.018591736706671465,0.0037327793210792017,-0.030820970264575885,-0.0025447401782725493,-0.016375144362366024,0.01857838805472585,0.006332901021306264,-0.006076903686467483,-0.005376454223265232,-0.0067627747598967385,0.004224769228791225,0.013601215278320516,-0.019835391729479478,0.012281526379602739,-0.0051893624070812345,0.00484719962986066,0.011248581002726743,0.008490046875553367,-0.007055827063922325,0.024196479945497694,0.0029812911408941684,-0.009992474338154998,-0.0013263014027912468,-0.007349503083897573,0.021917058602311155,-0.0006462681193436896,0.003958098182342114,-0.017019957793169123,-0.016207866265212964,-0.009731729650623043,-0.012264749860435305,-0.019265814189174925,0.004511587696706929,0.0034846672853265856,-0.004226743528002903,-0.0010174908977678594,0.0004387672477270711,-4.8067110483141894e-05,-0.00469065295863445,-0.009169859771259312,0.026088281717999,0.0741770174151869,-0.009638020985464799
