,sessionNr,user_id,PQ,ATT,HQI,HQS,HQ,Cond
1,1,100,4.5,3.5,4.0,4.5,4.25,TinyIcons
2,2,100,4.25,3.5,4.0,4.5,4.25,Normal
3,3,100,3.0,3.0,4.5,3.5,4.0,Freezing
4,4,100,4.0,4.0,4.5,5.0,4.75,Normal
5,5,100,3.5,4.0,5.5,5.0,5.25,Freezing
6,6,100,4.0,3.5,3.5,5.0,4.25,TinyIcons
7,7,100,5.25,3.0,3.0,3.5,3.25,TinyIcons
8,8,100,3.75,3.5,3.0,3.0,3.0,TinyIcons
9,9,100,3.5,2.0,3.0,3.0,3.0,Freezing
10,10,100,6.0,4.5,3.5,3.5,3.5,Normal
11,11,100,4.75,3.5,4.0,3.5,3.75,Normal
12,12,100,4.75,3.0,3.5,3.5,3.5,Freezing
13,13,101,5.25,4.0,3.5,2.5,3.0,Freezing
14,14,101,5.5,4.5,4.5,3.0,3.75,Normal
15,15,101,3.0,2.5,1.5,3.0,2.25,TinyIcons
16,16,101,5.5,5.0,4.5,2.5,3.5,Normal
17,17,101,3.25,1.5,1.5,2.0,1.75,TinyIcons
18,18,101,4.75,3.5,3.5,2.5,3.0,Freezing
19,19,101,4.5,4.0,4.0,5.0,4.5,TinyIcons
20,20,101,5.0,5.0,4.5,5.0,4.75,Normal
21,21,101,4.75,5.0,4.0,5.0,4.5,Normal
22,22,101,4.0,3.5,3.5,4.5,4.0,Freezing
23,23,101,3.5,3.5,3.5,4.0,3.75,TinyIcons
24,24,101,3.75,3.0,3.5,4.5,4.0,Freezing
25,25,102,5.5,5.0,5.0,4.5,4.75,Freezing
26,26,102,4.25,4.0,4.0,4.0,4.0,TinyIcons
27,27,102,3.0,3.5,4.0,4.0,4.0,Freezing
28,28,102,5.25,5.0,5.0,4.5,4.75,Normal
29,29,102,5.0,5.0,5.0,4.0,4.5,Normal
30,30,102,3.75,3.0,3.0,4.0,3.5,TinyIcons
31,31,102,5.0,5.0,4.0,3.0,3.5,Normal
32,32,102,4.75,5.0,4.5,3.5,4.0,Normal
33,33,102,2.75,3.0,3.5,4.0,3.75,Freezing
34,34,102,2.5,3.0,3.5,3.5,3.5,Freezing
35,35,102,2.5,2.0,2.5,3.0,2.75,TinyIcons
36,36,102,2.75,2.0,2.5,2.5,2.5,TinyIcons
37,37,103,6.25,6.0,5.0,5.0,5.0,Freezing
38,38,103,3.25,3.5,3.5,3.5,3.5,TinyIcons
39,39,103,6.25,6.0,5.0,5.0,5.0,Normal
40,40,103,2.75,3.0,3.0,3.5,3.25,TinyIcons
41,41,103,6.0,5.5,5.0,5.0,5.0,Freezing
42,42,103,6.0,5.5,5.0,5.0,5.0,Normal
43,43,103,6.0,5.5,5.0,5.0,5.0,Freezing
44,44,103,5.75,5.5,5.5,5.0,5.25,Freezing
45,45,103,6.0,5.5,5.5,5.0,5.25,Normal
46,46,103,6.0,5.5,5.5,5.0,5.25,Normal
47,47,103,3.5,4.0,3.5,3.0,3.25,TinyIcons
48,48,103,2.5,3.5,3.0,3.0,3.0,TinyIcons
49,49,104,6.75,2.5,2.5,1.5,2.0,Normal
50,50,104,4.25,3.0,2.0,2.5,2.25,Freezing
51,51,104,6.5,4.0,4.0,4.5,4.25,Normal
52,52,104,5.25,4.0,4.0,4.5,4.25,TinyIcons
53,53,104,5.75,5.0,3.5,5.0,4.25,TinyIcons
54,54,104,6.5,3.5,2.5,2.5,2.5,Freezing
55,55,104,5.75,2.5,2.5,1.5,2.0,Freezing
56,56,104,5.75,3.5,2.5,1.0,1.75,Freezing
57,57,104,6.25,3.5,3.5,2.0,2.75,Normal
58,58,104,4.0,1.0,1.5,2.0,1.75,TinyIcons
59,59,104,6.25,4.5,3.5,2.0,2.75,Normal
60,60,104,5.25,2.5,3.0,2.0,2.5,TinyIcons
61,61,105,5.25,4.5,4.0,4.0,4.0,Normal
62,62,105,4.0,3.5,3.0,2.5,2.75,Freezing
63,63,105,5.5,4.0,3.5,3.5,3.5,Normal
64,64,105,3.25,2.0,3.0,2.5,2.75,TinyIcons
65,65,105,4.25,3.5,3.5,3.0,3.25,Freezing
66,66,105,3.0,2.5,2.5,2.5,2.5,TinyIcons
67,67,105,4.75,3.5,3.5,3.0,3.25,Freezing
68,68,105,5.25,4.0,4.0,3.5,3.75,Normal
69,69,105,4.25,3.5,3.0,3.5,3.25,TinyIcons
70,70,105,5.75,4.0,4.0,4.0,4.0,Normal
71,71,105,4.0,3.5,3.5,3.0,3.25,TinyIcons
72,72,105,4.0,2.5,3.0,2.5,2.75,Freezing
73,73,106,6.0,6.0,5.0,5.0,5.0,Freezing
74,74,106,6.5,6.5,6.0,5.5,5.75,Normal
75,75,106,5.5,6.5,5.5,6.0,5.75,Normal
76,76,106,4.5,5.5,5.5,5.5,5.5,TinyIcons
77,77,106,5.25,6.5,6.0,6.5,6.25,Freezing
78,78,106,4.75,6.0,6.0,5.5,5.75,TinyIcons
79,79,106,4.5,6.0,6.0,5.5,5.75,TinyIcons
80,80,106,6.0,6.5,5.5,5.0,5.25,Normal
81,81,106,6.0,6.5,5.5,5.5,5.5,Normal
82,82,106,4.5,5.0,5.5,5.0,5.25,Freezing
83,83,106,4.5,4.5,5.0,4.5,4.75,Freezing
84,84,106,3.75,4.0,4.5,5.0,4.75,TinyIcons
85,85,107,3.5,3.0,3.5,3.0,3.25,TinyIcons
86,86,107,5.75,5.5,4.5,4.0,4.25,Normal
87,87,107,3.5,3.0,3.0,3.5,3.25,TinyIcons
88,88,107,5.5,5.0,4.5,4.0,4.25,Normal
89,89,107,2.5,3.0,3.0,3.5,3.25,Freezing
90,90,107,2.5,3.0,3.0,3.0,3.0,Freezing
91,91,107,5.25,5.0,4.0,4.5,4.25,Normal
92,92,107,4.5,5.0,4.0,4.0,4.0,TinyIcons
93,93,107,5.0,5.0,4.5,4.0,4.25,TinyIcons
94,94,107,3.75,3.5,3.5,4.0,3.75,Normal
95,95,107,3.25,3.5,3.5,4.0,3.75,Freezing
96,96,107,3.0,3.0,3.5,4.0,3.75,Freezing
97,97,108,5.25,5.5,4.0,4.5,4.25,Freezing
98,98,108,4.5,3.5,4.5,3.5,4.0,TinyIcons
99,99,108,5.5,4.5,4.5,4.0,4.25,Normal
100,100,108,3.5,4.5,5.0,3.5,4.25,Freezing
101,101,108,4.75,4.0,4.5,4.5,4.5,Normal
102,102,108,3.75,4.0,4.5,4.0,4.25,TinyIcons
103,103,108,6.5,5.0,4.0,4.0,4.0,Normal
104,104,108,2.25,3.5,4.0,3.5,3.75,TinyIcons
105,105,108,3.75,3.5,4.0,3.5,3.75,TinyIcons
106,106,108,4.0,4.5,4.0,3.0,3.5,Freezing
107,107,108,6.25,5.0,4.5,5.0,4.75,Normal
108,108,108,3.5,3.5,3.5,3.0,3.25,Freezing
109,109,109,4.75,4.5,4.5,3.5,4.0,TinyIcons
110,110,109,5.25,5.0,4.5,4.0,4.25,TinyIcons
111,111,109,4.75,5.0,5.0,4.0,4.5,Freezing
112,112,109,5.75,5.0,5.0,3.0,4.0,Normal
113,113,109,5.5,4.5,5.0,3.5,4.25,Normal
114,114,109,4.25,5.0,4.0,3.5,3.75,Freezing
115,115,109,4.0,4.5,5.0,5.0,5.0,Freezing
116,116,109,2.75,5.0,4.5,5.0,4.75,TinyIcons
117,117,109,3.0,4.5,5.0,5.0,5.0,Normal
118,118,109,3.25,5.0,3.5,5.0,4.25,Normal
119,119,109,2.75,4.5,4.0,5.0,4.5,Freezing
120,120,109,3.25,5.0,4.0,5.0,4.5,TinyIcons
121,121,110,5.25,5.5,5.5,4.0,4.75,Normal
122,122,110,4.75,5.0,5.0,4.0,4.5,Freezing
123,123,110,3.75,3.5,3.0,2.5,2.75,TinyIcons
124,124,110,4.25,4.0,4.0,3.5,3.75,Freezing
125,125,110,3.5,3.5,2.5,3.5,3.0,TinyIcons
126,126,110,5.25,5.0,4.5,4.0,4.25,Normal
127,127,110,2.25,2.5,3.0,4.0,3.5,TinyIcons
128,128,110,4.5,5.0,4.0,4.0,4.0,Freezing
129,129,110,5.25,5.0,4.5,4.5,4.5,Normal
130,130,110,2.75,2.5,3.5,3.5,3.5,TinyIcons
131,131,110,3.75,4.0,3.5,4.0,3.75,Freezing
132,132,110,5.25,5.0,5.0,4.0,4.5,Normal
133,133,111,5.25,4.0,5.0,3.5,4.25,TinyIcons
134,134,111,6.0,5.5,4.5,5.0,4.75,Freezing
135,135,111,4.5,4.0,4.0,3.0,3.5,Freezing
136,136,111,5.25,5.0,4.0,4.0,4.0,TinyIcons
137,137,111,6.25,6.0,5.5,5.0,5.25,Normal
138,138,111,5.25,6.0,6.0,4.0,5.0,Normal
139,139,111,3.25,4.0,4.0,6.0,5.0,TinyIcons
140,140,111,4.75,5.0,4.0,5.5,4.75,Freezing
141,141,111,4.5,4.0,3.5,4.5,4.0,Normal
142,142,111,5.0,5.0,5.0,5.0,5.0,Normal
143,143,111,3.75,5.0,5.0,4.5,4.75,TinyIcons
144,144,111,4.5,5.0,5.0,3.5,4.25,Freezing
145,145,112,4.25,5.0,5.0,4.0,4.5,Freezing
146,146,112,6.0,4.5,2.5,3.0,2.75,TinyIcons
147,147,112,3.75,3.0,3.5,2.0,2.75,TinyIcons
148,148,112,5.5,5.5,5.5,4.0,4.75,Normal
149,149,112,3.75,4.5,5.0,4.5,4.75,Freezing
150,150,112,6.0,4.5,2.5,2.0,2.25,Normal
151,151,112,5.75,5.0,5.0,3.0,4.0,Normal
152,152,112,1.75,2.5,1.5,3.0,2.25,TinyIcons
153,153,112,5.0,4.5,3.5,2.0,2.75,Normal
154,154,112,4.0,3.5,3.5,3.5,3.5,Freezing
155,155,112,3.25,2.5,2.0,3.0,2.5,TinyIcons
156,156,112,5.75,3.5,2.5,1.0,1.75,Freezing
157,157,113,6.0,4.0,3.5,2.5,3.0,Normal
158,158,113,5.25,4.0,3.0,3.0,3.0,Freezing
159,159,113,5.0,3.5,3.0,3.0,3.0,Freezing
160,160,113,3.25,1.0,2.0,2.0,2.0,TinyIcons
161,161,113,5.75,4.0,4.0,2.5,3.25,Normal
162,162,113,4.0,2.0,2.0,1.5,1.75,TinyIcons
163,163,113,5.25,4.5,5.0,2.5,3.75,Freezing
164,164,113,5.0,3.5,3.0,2.0,2.5,TinyIcons
165,165,113,4.5,2.5,3.0,2.0,2.5,Freezing
166,166,113,5.0,3.0,2.5,2.0,2.25,TinyIcons
167,167,113,5.25,3.0,3.0,2.0,2.5,Normal
168,168,113,5.25,3.5,3.0,2.5,2.75,Normal
169,169,114,6.5,4.0,3.5,3.5,3.5,Normal
170,170,114,4.75,3.5,3.0,4.0,3.5,TinyIcons
171,171,114,5.0,4.5,3.0,4.0,3.5,TinyIcons
172,172,114,5.0,4.5,3.0,3.5,3.25,Freezing
173,173,114,5.75,4.5,3.5,4.0,3.75,Normal
174,174,114,4.5,4.5,4.0,3.5,3.75,Freezing
175,175,114,4.0,3.0,4.5,4.0,4.25,Freezing
176,176,114,2.25,3.5,2.5,2.0,2.25,TinyIcons
177,177,114,6.0,4.0,3.5,2.0,2.75,Normal
178,178,114,5.25,4.0,3.5,2.5,3.0,Freezing
179,179,114,2.0,3.0,2.5,2.0,2.25,TinyIcons
180,180,114,6.5,4.0,4.0,2.5,3.25,Normal
181,181,115,5.25,2.0,1.0,1.5,1.25,TinyIcons
182,182,115,5.5,2.5,2.0,1.0,1.5,Freezing
183,183,115,5.5,3.0,2.5,1.0,1.75,Freezing
184,184,115,6.0,4.0,2.5,1.0,1.75,Normal
185,185,115,4.0,2.5,1.0,1.0,1.0,TinyIcons
186,186,115,6.5,3.5,3.0,1.0,2.0,Normal
187,187,115,6.5,5.0,4.5,3.0,3.75,Freezing
188,188,115,4.25,2.0,3.5,2.5,3.0,TinyIcons
189,189,115,4.5,2.5,3.5,2.5,3.0,TinyIcons
190,190,115,5.5,3.0,3.5,2.5,3.0,Freezing
191,191,115,6.5,5.0,4.0,2.5,3.25,Normal
192,192,115,6.75,5.0,4.5,2.5,3.5,Normal
193,193,116,6.0,4.5,3.5,3.5,3.5,Normal
194,194,116,5.75,4.5,4.5,3.5,4.0,Freezing
195,195,116,5.25,5.0,4.5,4.0,4.25,TinyIcons
196,196,116,5.25,5.0,4.5,4.0,4.25,TinyIcons
197,197,116,5.5,5.0,4.5,4.5,4.5,Freezing
198,198,116,6.0,5.0,4.0,4.0,4.0,Normal
199,199,116,5.75,5.0,4.5,4.5,4.5,Normal
200,200,116,4.25,3.5,3.5,4.0,3.75,TinyIcons
201,201,116,4.75,5.0,4.5,4.0,4.25,Freezing
202,202,116,5.25,4.5,4.5,4.0,4.25,Normal
203,203,116,5.0,4.5,4.0,4.0,4.0,TinyIcons
204,204,116,5.0,3.5,4.0,4.0,4.0,Freezing
205,205,117,6.0,6.0,5.5,4.5,5.0,Normal
206,206,117,2.5,2.5,3.0,3.0,3.0,Freezing
207,207,117,1.0,1.5,1.5,1.5,1.5,TinyIcons
208,208,117,6.5,7.0,6.5,5.5,6.0,Normal
209,209,117,1.0,1.0,1.0,1.0,1.0,TinyIcons
210,210,117,2.0,1.5,2.5,3.0,2.75,Freezing
211,211,117,5.75,7.0,6.5,5.5,6.0,TinyIcons
212,212,117,4.5,5.5,6.0,5.0,5.5,Freezing
213,213,117,6.75,7.0,7.0,6.0,6.5,Normal
214,214,117,6.5,6.5,6.5,7.0,6.75,Normal
215,215,117,6.5,7.0,7.0,6.0,6.5,TinyIcons
216,216,117,6.5,7.0,7.0,6.0,6.5,Freezing
217,217,118,4.5,3.5,3.5,3.0,3.25,TinyIcons
218,218,118,5.0,3.0,3.0,3.0,3.0,Normal
219,219,118,5.25,4.0,3.5,3.0,3.25,Freezing
220,220,118,4.75,4.0,3.5,2.5,3.0,Normal
221,221,118,3.0,3.0,2.0,2.5,2.25,TinyIcons
222,222,118,3.75,3.5,2.5,1.5,2.0,Freezing
223,223,118,4.0,4.5,3.5,2.5,3.0,Freezing
224,224,118,2.75,2.0,1.5,2.5,2.0,TinyIcons
225,225,118,6.0,4.0,4.0,3.5,3.75,Normal
226,226,118,5.5,4.0,4.0,2.5,3.25,Normal
227,227,118,3.5,1.5,1.5,2.0,1.75,TinyIcons
228,228,118,3.5,2.0,2.5,2.5,2.5,Freezing
229,229,119,6.25,5.0,3.5,2.0,2.75,Normal
230,230,119,6.25,4.5,4.0,2.0,3.0,Normal
231,231,119,5.75,4.0,3.5,2.5,3.0,Freezing
232,232,119,4.0,3.0,3.0,1.5,2.25,TinyIcons
233,233,119,4.75,3.0,2.5,2.0,2.25,TinyIcons
234,234,119,5.75,4.0,4.5,2.0,3.25,Freezing
235,235,119,5.0,4.5,4.0,4.0,4.0,TinyIcons
236,236,119,6.0,3.5,4.0,2.5,3.25,Freezing
237,237,119,5.0,4.0,3.5,3.5,3.5,TinyIcons
238,238,119,6.5,5.0,4.5,3.5,4.0,Normal
239,239,119,6.5,4.5,4.5,1.5,3.0,Normal
240,240,119,4.75,4.5,4.0,3.0,3.5,Freezing
241,241,120,6.0,5.5,5.0,4.0,4.5,Normal
242,242,120,6.0,6.0,5.0,3.5,4.25,Normal
243,243,120,1.0,1.0,2.0,1.0,1.5,Freezing
244,244,120,3.5,1.5,2.0,2.5,2.25,TinyIcons
245,245,120,3.5,2.5,2.5,2.0,2.25,Freezing
246,246,120,4.75,1.5,2.0,2.5,2.25,TinyIcons
247,247,120,1.0,1.0,1.0,1.5,1.25,TinyIcons
248,248,120,6.75,7.0,6.5,4.5,5.5,Normal
249,249,120,2.0,2.5,1.5,1.5,1.5,Freezing
250,250,120,3.5,3.0,2.5,2.0,2.25,Freezing
251,251,120,6.0,6.5,5.5,4.5,5.0,Normal
252,252,120,1.0,1.0,1.5,2.0,1.75,TinyIcons
253,253,121,1.75,2.5,3.5,3.5,3.5,TinyIcons
254,254,121,2.0,1.5,3.5,3.5,3.5,TinyIcons
255,255,121,6.5,6.5,6.0,6.0,6.0,Normal
256,256,121,5.75,6.0,4.5,5.5,5.0,Freezing
257,257,121,5.5,6.0,5.5,5.5,5.5,Normal
258,258,121,5.5,5.5,5.0,4.0,4.5,Freezing
259,259,121,5.0,6.5,6.0,5.5,5.75,TinyIcons
260,260,121,5.75,6.0,6.0,6.0,6.0,Freezing
261,261,121,5.25,6.0,6.0,6.0,6.0,Freezing
262,262,121,4.75,6.0,6.0,5.5,5.75,Normal
263,263,121,5.25,6.0,6.5,6.5,6.5,TinyIcons
264,264,121,5.25,6.5,6.0,6.0,6.0,Normal
265,265,122,6.75,3.5,3.5,2.5,3.0,Freezing
266,266,122,6.25,3.5,3.0,2.5,2.75,Normal
267,267,122,4.5,4.0,4.5,3.0,3.75,TinyIcons
268,268,122,4.5,3.5,3.0,2.5,2.75,TinyIcons
269,269,122,5.0,4.0,3.5,2.5,3.0,Freezing
270,270,122,5.75,4.0,3.5,2.5,3.0,Normal
271,271,122,5.75,4.5,3.5,2.5,3.0,Normal
272,272,122,5.0,4.5,4.0,2.5,3.25,Normal
273,273,122,2.0,3.5,2.5,2.0,2.25,TinyIcons
274,274,122,3.25,4.0,2.5,2.0,2.25,TinyIcons
275,275,122,5.5,5.0,4.0,2.0,3.0,Freezing
276,276,122,5.5,4.0,3.0,2.0,2.5,Freezing
277,277,123,5.25,5.0,4.5,5.5,5.0,Freezing
278,278,123,4.0,5.0,4.5,5.0,4.75,TinyIcons
279,279,123,4.75,5.0,4.5,4.5,4.5,TinyIcons
280,280,123,4.75,5.0,4.5,4.5,4.5,Freezing
281,281,123,4.75,5.5,4.5,5.0,4.75,Normal
282,282,123,4.75,4.5,4.5,5.0,4.75,Normal
283,283,123,5.5,5.0,4.5,5.0,4.75,Normal
284,284,123,5.25,5.0,4.5,5.5,5.0,Normal
285,285,123,5.25,5.0,4.5,5.0,4.75,Freezing
286,286,123,5.25,5.0,4.5,5.0,4.75,Freezing
287,287,123,5.25,5.0,4.5,5.5,5.0,TinyIcons
288,288,123,5.0,5.0,4.5,5.5,5.0,TinyIcons
289,289,124,5.75,5.0,4.0,3.5,3.75,Freezing
290,290,124,4.0,4.0,4.0,3.5,3.75,TinyIcons
291,291,124,6.0,5.0,4.5,3.5,4.0,Normal
292,292,124,5.75,4.5,4.5,4.0,4.25,Normal
293,293,124,4.0,3.5,3.5,3.5,3.5,Freezing
294,294,124,3.5,3.0,3.5,3.5,3.5,TinyIcons
295,295,124,4.0,4.0,4.0,4.0,4.0,Freezing
296,296,124,5.75,5.5,4.5,4.5,4.5,Normal
297,297,124,5.5,4.5,4.0,3.5,3.75,Normal
298,298,124,3.0,3.5,3.5,2.5,3.0,Freezing
299,299,124,1.5,1.5,1.5,2.5,2.0,TinyIcons
300,300,124,2.25,2.0,2.5,3.0,2.75,TinyIcons
301,301,125,2.75,2.0,2.5,2.5,2.5,TinyIcons
302,302,125,7.0,7.0,4.5,4.0,4.25,Normal
303,303,125,7.0,7.0,5.5,4.0,4.75,Freezing
304,304,125,1.0,1.0,1.0,1.0,1.0,TinyIcons
305,305,125,6.75,7.0,7.0,5.5,6.25,Normal
306,306,125,6.0,6.0,6.5,4.0,5.25,Freezing
307,307,125,4.0,7.0,7.0,5.5,6.25,Freezing
308,308,125,5.5,6.5,5.5,5.5,5.5,Freezing
309,309,125,5.5,6.5,4.0,4.5,4.25,TinyIcons
310,310,125,4.25,3.0,1.5,5.0,3.25,TinyIcons
311,311,125,4.25,6.0,6.0,4.0,5.0,Normal
312,312,125,3.75,6.5,4.5,4.0,4.25,Normal
313,313,126,5.0,3.0,2.5,2.5,2.5,Normal
314,314,126,4.25,2.5,2.0,2.5,2.25,Freezing
315,315,126,4.25,2.5,2.0,3.0,2.5,TinyIcons
316,316,126,5.0,3.0,3.0,4.0,3.5,Normal
317,317,126,4.75,2.5,2.0,2.5,2.25,Freezing
318,318,126,4.0,2.0,2.0,2.5,2.25,TinyIcons
319,319,126,5.75,3.5,3.0,4.0,3.5,Normal
320,320,126,4.25,3.0,2.0,2.0,2.0,Freezing
321,321,126,3.5,2.0,1.5,2.0,1.75,TinyIcons
322,322,126,4.25,2.0,1.5,2.5,2.0,TinyIcons
323,323,126,5.5,4.0,2.5,3.5,3.0,Normal
324,324,126,4.75,3.0,2.5,2.0,2.25,Freezing
325,325,127,5.75,5.0,5.5,3.5,4.5,TinyIcons
326,326,127,5.25,4.5,4.5,3.0,3.75,TinyIcons
327,327,127,6.0,4.0,4.5,4.5,4.5,Normal
328,328,127,4.25,4.0,4.5,4.0,4.25,Freezing
329,329,127,4.25,4.0,4.5,4.0,4.25,Freezing
330,330,127,4.5,4.0,4.0,4.0,4.0,Normal
331,331,127,4.75,5.0,4.5,4.0,4.25,Normal
332,332,127,5.0,5.0,5.0,5.0,5.0,TinyIcons
333,333,127,4.75,5.0,5.0,4.5,4.75,Normal
334,334,127,4.5,5.5,4.5,5.0,4.75,TinyIcons
335,335,127,4.5,5.0,5.0,5.0,5.0,Freezing
336,336,127,4.5,5.0,5.0,5.0,5.0,Freezing
337,337,128,5.25,5.0,5.0,6.0,5.5,Normal
338,338,128,3.75,4.0,3.0,3.5,3.25,Freezing
339,339,128,3.0,4.5,3.0,3.5,3.25,Freezing
340,340,128,3.75,4.0,3.0,4.5,3.75,TinyIcons
341,341,128,4.0,4.5,3.5,4.5,4.0,TinyIcons
342,342,128,4.75,5.0,5.0,4.5,4.75,Normal
343,343,128,3.0,4.0,3.5,3.5,3.5,Freezing
344,344,128,3.0,4.5,4.0,4.0,4.0,Normal
345,345,128,3.0,4.0,3.5,3.5,3.5,Freezing
346,346,128,1.75,1.5,2.0,2.5,2.25,TinyIcons
347,347,128,2.0,3.0,2.0,3.0,2.5,TinyIcons
348,348,128,4.25,5.0,4.5,4.5,4.5,Normal
349,349,129,5.0,4.5,4.0,4.0,4.0,Normal
350,350,129,5.0,4.5,4.0,4.0,4.0,Normal
351,351,129,3.75,4.0,3.5,3.5,3.5,Freezing
352,352,129,3.25,4.0,3.5,3.5,3.5,TinyIcons
353,353,129,3.5,4.0,4.0,3.5,3.75,Freezing
354,354,129,3.5,3.5,3.0,3.5,3.25,TinyIcons
355,355,129,4.75,5.0,5.0,5.0,5.0,Normal
356,356,129,4.5,4.0,4.0,3.5,3.75,TinyIcons
357,357,129,3.75,4.0,3.5,3.5,3.5,Freezing
358,358,129,3.75,4.5,4.0,4.0,4.0,TinyIcons
359,359,129,4.75,5.0,4.5,3.5,4.0,Normal
360,360,129,4.75,4.0,4.0,4.5,4.25,Freezing
361,361,130,5.75,6.0,6.5,4.0,5.25,Freezing
362,362,130,5.0,5.5,5.5,4.0,4.75,TinyIcons
363,363,130,4.5,6.0,5.0,4.0,4.5,Normal
364,364,130,3.75,5.5,5.0,4.0,4.5,TinyIcons
365,365,130,3.75,5.0,5.0,4.5,4.75,Normal
366,366,130,3.75,5.0,4.5,4.5,4.5,Freezing
367,367,130,6.25,3.5,4.5,1.5,3.0,Normal
368,368,130,5.0,2.0,2.0,1.5,1.75,TinyIcons
369,369,130,5.0,2.0,2.5,1.5,2.0,Normal
370,370,130,3.75,2.0,2.0,1.5,1.75,Freezing
371,371,130,4.25,2.0,1.5,1.0,1.25,Freezing
372,372,130,4.5,2.5,1.5,1.5,1.5,TinyIcons
7,1,190,2.0,3.5,5.5,3.5,4.5,TinyIcons
8,2,190,5.25,6.5,4.0,5.0,4.5,Normal
9,3,190,1.5,2.5,3.5,2.5,3.0,TinyIcons
12,4,190,4.5,6.0,5.0,5.0,5.0,Normal
5,5,190,4.0,4.5,4.5,2.5,3.5,TinyIcons
10,6,190,4.75,5.5,4.5,4.0,4.25,Normal
2,7,190,1.5,3.5,3.0,3.5,3.25,TinyIcons
4,8,190,1.75,3.0,3.5,5.0,4.25,TinyIcons
6,9,190,5.25,6.0,4.5,4.0,4.25,Normal
1,10,190,5.25,6.0,4.5,5.0,4.75,Normal
3,11,190,4.5,5.5,4.0,3.5,3.75,Normal
11,12,190,1.75,2.0,3.0,3.0,3.0,TinyIcons
24,13,191,4.5,5.5,5.5,4.0,4.75,Normal
20,14,191,4.75,6.0,4.5,5.0,4.75,Normal
23,15,191,2.25,2.5,3.0,2.5,2.75,TinyIcons
15,16,191,6.5,6.0,5.5,4.0,4.75,Normal
21,17,191,2.25,3.0,4.5,3.5,4.0,TinyIcons
22,18,191,6.25,6.5,5.0,4.5,4.75,Normal
18,19,191,6.5,6.5,5.5,3.5,4.5,Normal
19,20,191,1.75,2.5,3.0,2.5,2.75,TinyIcons
16,21,191,2.25,2.5,4.0,2.5,3.25,TinyIcons
13,22,191,6.25,7.0,5.0,5.0,5.0,Normal
17,23,191,2.25,3.0,4.0,3.5,3.75,TinyIcons
14,24,191,2.5,3.0,4.5,3.5,4.0,TinyIcons
31,25,192,5.0,5.0,5.0,3.5,4.25,TinyIcons
32,26,192,6.5,4.5,5.5,4.0,4.75,Normal
25,27,192,5.5,4.5,4.5,4.0,4.25,Normal
28,28,192,3.75,4.0,4.0,3.0,3.5,TinyIcons
34,29,192,6.5,5.5,6.0,5.0,5.5,Normal
30,30,192,6.0,5.0,5.5,4.0,4.75,Normal
35,31,192,3.5,4.5,4.0,4.0,4.0,TinyIcons
33,32,192,5.75,5.0,5.0,4.5,4.75,TinyIcons
29,33,192,5.25,4.5,5.5,4.5,5.0,TinyIcons
26,34,192,4.5,5.0,5.0,4.0,4.5,TinyIcons
36,35,192,6.5,6.0,5.5,5.0,5.25,Normal
27,36,192,6.25,6.0,6.0,5.0,5.5,Normal
38,37,193,3.25,3.0,4.0,4.5,4.25,TinyIcons
41,38,193,5.0,4.5,4.0,4.0,4.0,TinyIcons
47,39,193,3.0,3.5,4.0,4.0,4.0,TinyIcons
43,40,193,5.0,4.5,4.0,4.0,4.0,TinyIcons
46,41,193,5.0,4.5,4.0,4.5,4.25,Normal
44,42,193,4.75,4.5,4.0,4.5,4.25,Normal
40,43,193,3.0,3.5,4.0,4.0,4.0,TinyIcons
42,44,193,5.0,4.5,5.0,4.0,4.5,Normal
45,45,193,3.0,2.5,3.5,4.0,3.75,TinyIcons
48,46,193,3.75,4.0,4.0,4.5,4.25,Normal
37,47,193,6.0,6.0,4.0,4.0,4.0,Normal
39,48,193,3.5,3.5,4.0,4.0,4.0,Normal
60,49,194,5.25,5.0,4.5,4.5,4.5,Normal
59,50,194,2.0,2.0,3.0,3.0,3.0,TinyIcons
56,51,194,4.5,4.5,4.5,4.0,4.25,Normal
51,52,194,5.0,4.5,5.0,4.5,4.75,Normal
55,53,194,1.75,2.0,2.5,3.5,3.0,TinyIcons
53,54,194,1.5,2.0,2.5,3.5,3.0,TinyIcons
49,55,194,5.25,5.0,4.5,4.0,4.25,Normal
57,56,194,1.75,1.5,2.5,3.5,3.0,TinyIcons
58,57,194,5.0,4.0,4.0,4.0,4.0,Normal
52,58,194,1.5,2.5,3.0,2.5,2.75,TinyIcons
54,59,194,5.0,4.0,3.0,3.5,3.25,Normal
50,60,194,2.0,3.0,3.0,3.5,3.25,TinyIcons
63,61,195,5.0,5.5,4.5,4.5,4.5,Normal
67,62,195,2.5,4.0,4.0,5.0,4.5,TinyIcons
68,63,195,5.75,6.0,4.5,4.5,4.5,Normal
66,64,195,5.5,5.0,4.0,4.5,4.25,Normal
69,65,195,3.0,2.5,4.0,4.0,4.0,TinyIcons
65,66,195,2.5,2.0,4.0,4.0,4.0,TinyIcons
72,67,195,5.25,6.0,4.5,4.5,4.5,Normal
64,68,195,3.5,4.0,4.0,4.5,4.25,TinyIcons
61,69,195,5.25,6.0,4.5,5.0,4.75,Normal
71,70,195,3.0,3.0,4.0,4.5,4.25,TinyIcons
62,71,195,3.25,3.0,4.0,4.0,4.0,TinyIcons
70,72,195,5.25,6.0,4.5,4.5,4.5,Normal
80,73,196,6.25,4.5,2.0,1.0,1.5,Normal
79,74,196,2.75,3.5,3.0,2.5,2.75,TinyIcons
76,75,196,3.0,3.5,3.5,3.5,3.5,TinyIcons
84,76,196,5.0,5.0,3.0,3.5,3.25,Normal
82,77,196,5.0,5.0,3.0,2.5,2.75,Normal
78,78,196,6.0,4.5,3.0,3.0,3.0,Normal
74,79,196,2.5,3.0,4.0,4.0,4.0,TinyIcons
81,80,196,4.5,4.5,3.5,4.0,3.75,TinyIcons
77,81,196,4.0,4.0,3.0,4.0,3.5,TinyIcons
83,82,196,3.0,4.0,3.5,4.5,4.0,TinyIcons
73,83,196,6.0,5.0,3.0,3.5,3.25,Normal
75,84,196,5.0,4.0,3.0,3.0,3.0,Normal
86,85,197,3.0,2.5,2.0,3.5,2.75,TinyIcons
90,86,197,5.75,4.5,4.0,3.5,3.75,Normal
95,87,197,3.25,3.0,3.0,3.0,3.0,TinyIcons
89,88,197,3.25,3.0,3.0,3.0,3.0,TinyIcons
96,89,197,5.5,3.5,4.0,2.5,3.25,Normal
88,90,197,3.75,3.0,3.5,3.0,3.25,TinyIcons
94,91,197,5.5,4.5,4.5,4.0,4.25,Normal
85,92,197,5.0,4.0,3.5,3.0,3.25,Normal
87,93,197,5.0,4.0,4.0,2.5,3.25,Normal
91,94,197,3.5,3.5,3.0,3.0,3.0,TinyIcons
93,95,197,2.25,2.5,4.0,3.5,3.75,TinyIcons
92,96,197,5.25,4.0,3.0,3.0,3.0,Normal
105,97,198,2.5,3.0,3.0,3.0,3.0,TinyIcons
104,98,198,6.0,5.0,5.5,3.5,4.5,Normal
108,99,198,6.25,5.0,5.0,3.0,4.0,Normal
100,100,198,2.5,1.5,2.0,2.0,2.0,TinyIcons
98,101,198,2.25,1.0,2.0,2.0,2.0,TinyIcons
102,102,198,5.5,5.0,5.0,3.0,4.0,Normal
101,103,198,2.75,1.0,2.0,1.5,1.75,TinyIcons
99,104,198,2.5,1.0,1.5,1.5,1.5,TinyIcons
106,105,198,6.75,5.0,5.0,3.0,4.0,Normal
97,106,198,6.5,4.5,4.0,2.0,3.0,Normal
103,107,198,2.5,1.0,1.0,1.0,1.0,TinyIcons
107,108,198,2.75,2.0,2.0,1.5,1.75,TinyIcons
112,109,199,5.0,3.5,2.5,2.0,2.25,TinyIcons
118,110,199,5.5,4.5,4.0,2.5,3.25,Normal
110,111,199,2.75,1.5,2.0,1.5,1.75,TinyIcons
111,112,199,4.5,3.5,3.0,2.0,2.5,Normal
114,113,199,5.25,4.0,4.0,2.5,3.25,Normal
115,114,199,3.0,2.0,2.5,2.0,2.25,TinyIcons
109,115,199,5.25,5.0,4.5,3.0,3.75,Normal
117,116,199,4.5,4.0,3.5,2.0,2.75,TinyIcons
119,117,199,4.0,3.0,3.0,2.0,2.5,TinyIcons
116,118,199,5.5,5.0,4.0,3.0,3.5,Normal
120,119,199,4.5,4.0,3.5,2.0,2.75,Normal
113,120,199,4.5,3.5,3.0,2.0,2.5,TinyIcons
124,121,200,3.0,2.5,3.5,3.0,3.25,TinyIcons
129,122,200,1.5,1.5,2.5,2.5,2.5,TinyIcons
128,123,200,6.5,5.5,4.5,4.0,4.25,Normal
125,124,200,2.5,2.5,2.5,3.0,2.75,TinyIcons
130,125,200,6.75,6.0,5.0,4.0,4.5,Normal
127,126,200,1.75,2.5,2.0,3.0,2.5,TinyIcons
131,127,200,2.0,1.5,2.5,2.5,2.5,TinyIcons
132,128,200,6.5,6.0,5.5,4.0,4.75,Normal
121,129,200,6.75,6.0,5.5,4.0,4.75,Normal
122,130,200,2.25,2.5,2.0,3.0,2.5,TinyIcons
126,131,200,6.75,5.5,5.0,4.5,4.75,Normal
123,132,200,5.25,5.0,5.0,4.5,4.75,Normal
133,133,201,5.25,4.0,3.0,2.0,2.5,Normal
143,134,201,3.0,2.5,2.0,2.0,2.0,TinyIcons
134,135,201,3.25,2.0,2.0,1.5,1.75,TinyIcons
141,136,201,4.5,2.0,2.0,2.0,2.0,TinyIcons
140,137,201,5.5,3.0,3.5,2.0,2.75,Normal
139,138,201,4.5,2.5,1.5,1.0,1.25,TinyIcons
144,139,201,4.25,2.5,1.5,1.0,1.25,TinyIcons
138,140,201,6.0,3.5,1.5,2.0,1.75,Normal
135,141,201,4.5,3.0,2.0,1.0,1.5,Normal
137,142,201,4.25,3.0,1.5,1.0,1.25,TinyIcons
136,143,201,4.5,3.0,1.0,1.0,1.0,TinyIcons
142,144,201,4.5,3.0,2.0,1.0,1.5,Normal
156,145,202,5.5,5.0,5.0,4.5,4.75,Normal
152,146,202,4.0,3.5,5.0,4.5,4.75,Normal
149,147,202,2.75,2.0,3.5,5.5,4.5,TinyIcons
154,148,202,6.25,6.0,5.5,4.0,4.75,Normal
145,149,202,4.0,5.5,5.0,5.5,5.25,Normal
148,150,202,3.25,2.5,5.0,5.5,5.25,TinyIcons
151,151,202,3.5,3.0,4.0,5.0,4.5,TinyIcons
150,152,202,6.5,6.0,5.5,3.0,4.25,Normal
146,153,202,2.5,2.5,3.0,5.5,4.25,TinyIcons
153,154,202,2.75,2.0,4.0,5.5,4.75,TinyIcons
147,155,202,6.5,6.5,6.0,2.0,4.0,Normal
155,156,202,2.0,2.5,3.0,5.5,4.25,TinyIcons
166,157,203,4.75,4.5,4.5,2.0,3.25,Normal
157,158,203,6.25,4.5,4.0,2.0,3.0,Normal
162,159,203,6.0,4.0,4.0,1.5,2.75,Normal
161,160,203,3.75,2.5,3.0,1.5,2.25,TinyIcons
158,161,203,3.0,3.0,3.0,1.5,2.25,TinyIcons
160,162,203,2.75,3.0,3.0,1.5,2.25,TinyIcons
167,163,203,3.75,3.0,3.0,1.5,2.25,TinyIcons
163,164,203,3.75,3.0,3.0,1.5,2.25,TinyIcons
164,165,203,5.0,4.0,4.0,1.5,2.75,Normal
168,166,203,5.75,4.0,4.5,1.5,3.0,Normal
159,167,203,5.0,4.0,4.0,1.5,2.75,Normal
165,168,203,3.5,3.0,3.0,1.5,2.25,TinyIcons
180,169,204,6.0,4.0,3.5,3.0,3.25,Normal
175,170,204,3.25,3.0,3.0,3.0,3.0,TinyIcons
178,171,204,4.25,4.0,3.5,3.0,3.25,Normal
179,172,204,2.75,3.5,3.5,3.0,3.25,TinyIcons
170,173,204,3.0,3.0,3.5,3.5,3.5,TinyIcons
174,174,204,5.5,4.5,4.0,4.5,4.25,Normal
172,175,204,2.75,3.5,3.5,3.5,3.5,TinyIcons
176,176,204,5.25,3.5,3.5,3.0,3.25,Normal
177,177,204,4.75,3.5,3.5,3.0,3.25,TinyIcons
171,178,204,5.0,4.5,4.0,3.0,3.5,Normal
173,179,204,4.25,3.5,3.5,3.0,3.25,TinyIcons
169,180,204,5.25,4.5,3.5,4.0,3.75,Normal
187,181,205,3.75,4.5,5.0,4.0,4.5,TinyIcons
186,182,205,5.75,5.5,5.0,4.0,4.5,Normal
192,183,205,3.25,3.0,4.0,5.0,4.5,Normal
188,184,205,3.75,5.0,5.0,3.0,4.0,Normal
191,185,205,1.5,3.0,4.5,5.0,4.75,TinyIcons
185,186,205,4.5,5.5,4.5,5.0,4.75,TinyIcons
182,187,205,2.75,4.5,5.0,5.0,5.0,TinyIcons
184,188,205,2.0,4.5,4.0,4.0,4.0,TinyIcons
189,189,205,5.5,6.5,5.5,5.5,5.5,TinyIcons
190,190,205,6.0,2.0,2.5,2.5,2.5,Normal
183,191,205,5.0,3.5,4.0,4.0,4.0,Normal
181,192,205,5.0,3.5,4.5,5.0,4.75,Normal
197,193,206,4.75,2.0,2.0,3.5,2.75,TinyIcons
195,194,206,6.75,5.0,4.5,2.5,3.5,Normal
198,195,206,5.75,4.5,3.5,2.0,2.75,Normal
201,196,206,3.5,1.5,3.0,2.0,2.5,TinyIcons
193,197,206,5.75,4.5,3.0,2.5,2.75,Normal
204,198,206,6.0,5.0,3.5,2.5,3.0,Normal
196,199,206,3.75,2.0,2.5,2.0,2.25,TinyIcons
199,200,206,3.25,2.5,2.0,2.0,2.0,TinyIcons
202,201,206,6.0,5.5,3.5,2.5,3.0,Normal
203,202,206,3.0,2.0,2.5,2.0,2.25,TinyIcons
200,203,206,6.0,4.5,4.0,2.5,3.25,Normal
194,204,206,3.0,3.0,2.0,2.5,2.25,TinyIcons
210,205,207,6.75,6.5,4.0,4.5,4.25,Normal
213,206,207,2.0,2.5,3.0,3.5,3.25,TinyIcons
207,207,207,5.5,6.0,4.5,5.5,5.0,Normal
209,208,207,3.75,4.0,3.5,4.0,3.75,TinyIcons
208,209,207,2.0,2.5,2.5,2.5,2.5,TinyIcons
206,210,207,3.25,5.0,4.5,3.0,3.75,TinyIcons
214,211,207,5.5,6.0,5.0,5.0,5.0,Normal
205,212,207,6.75,6.5,6.0,6.0,6.0,Normal
211,213,207,4.75,5.0,4.5,4.5,4.5,TinyIcons
215,214,207,2.25,3.0,2.5,3.5,3.0,TinyIcons
216,215,207,6.0,6.5,5.0,6.0,5.5,Normal
212,216,207,6.5,6.5,5.5,6.5,6.0,Normal
227,217,208,3.0,3.0,2.5,1.5,2.0,TinyIcons
219,218,208,3.5,3.5,4.5,3.0,3.75,Normal
218,219,208,4.0,3.5,5.0,4.5,4.75,TinyIcons
223,220,208,3.0,3.0,3.5,2.5,3.0,TinyIcons
222,221,208,4.0,5.0,4.5,4.0,4.25,Normal
221,222,208,3.0,3.0,3.0,2.5,2.75,TinyIcons
226,223,208,4.5,4.5,4.5,4.0,4.25,Normal
220,224,208,3.5,3.5,3.0,2.5,2.75,TinyIcons
228,225,208,4.75,5.0,4.5,4.0,4.25,Normal
225,226,208,3.5,3.0,3.5,2.5,3.0,TinyIcons
217,227,208,4.5,4.5,4.0,3.5,3.75,Normal
224,228,208,5.0,4.5,5.0,3.0,4.0,Normal
237,229,209,2.75,4.0,3.0,2.5,2.75,TinyIcons
230,230,209,3.5,5.0,4.5,3.0,3.75,TinyIcons
235,231,209,3.75,3.5,4.5,1.5,3.0,TinyIcons
233,232,209,3.5,2.0,2.5,2.0,2.25,TinyIcons
234,233,209,4.75,4.5,4.5,4.0,4.25,Normal
236,234,209,5.5,4.0,4.0,2.5,3.25,Normal
239,235,209,3.25,3.0,3.5,2.5,3.0,TinyIcons
231,236,209,3.5,4.0,3.5,4.5,4.0,Normal
232,237,209,3.75,4.5,3.5,2.5,3.0,TinyIcons
240,238,209,5.0,3.5,3.0,3.0,3.0,Normal
229,239,209,5.5,4.5,4.5,2.0,3.25,Normal
238,240,209,6.0,4.5,5.0,2.5,3.75,Normal
247,241,210,2.75,3.0,4.5,3.0,3.75,TinyIcons
250,242,210,5.5,5.5,3.5,4.0,3.75,Normal
242,243,210,1.5,2.0,3.0,4.5,3.75,TinyIcons
245,244,210,3.25,2.0,2.5,4.0,3.25,TinyIcons
252,245,210,5.0,5.0,5.0,4.5,4.75,TinyIcons
244,246,210,6.75,6.0,4.5,4.0,4.25,Normal
246,247,210,5.5,5.5,6.0,5.0,5.5,Normal
241,248,210,4.5,6.0,5.5,5.5,5.5,Normal
243,249,210,5.0,5.0,4.5,4.0,4.25,Normal
249,250,210,3.75,3.5,2.5,3.5,3.0,TinyIcons
251,251,210,4.25,3.0,3.0,3.0,3.0,TinyIcons
248,252,210,6.75,6.0,5.5,4.0,4.75,Normal
261,253,211,3.75,3.0,3.5,1.0,2.25,TinyIcons
262,254,211,5.5,4.5,3.5,1.5,2.5,Normal
260,255,211,4.75,6.0,4.0,1.5,2.75,Normal
253,256,211,5.5,4.5,3.5,1.0,2.25,Normal
257,257,211,2.0,2.0,2.0,1.5,1.75,TinyIcons
259,258,211,3.75,3.0,2.5,1.5,2.0,TinyIcons
258,259,211,5.5,5.0,4.0,1.5,2.75,Normal
254,260,211,3.25,2.5,4.5,1.5,3.0,TinyIcons
256,261,211,4.0,2.5,2.0,1.5,1.75,TinyIcons
264,262,211,3.75,3.0,3.0,1.0,2.0,Normal
255,263,211,6.5,6.5,4.0,1.0,2.5,Normal
263,264,211,1.5,1.5,2.0,1.0,1.5,TinyIcons
276,265,212,6.75,6.0,6.0,3.5,4.75,Normal
269,266,212,2.5,2.5,3.5,3.5,3.5,TinyIcons
265,267,212,5.75,5.0,4.0,3.5,3.75,Normal
274,268,212,5.75,5.5,4.5,4.5,4.5,Normal
272,269,212,5.0,5.5,3.5,4.0,3.75,Normal
267,270,212,5.75,5.0,4.0,3.5,3.75,Normal
266,271,212,3.25,3.0,4.0,3.0,3.5,TinyIcons
273,272,212,3.75,2.5,3.5,3.0,3.25,TinyIcons
268,273,212,3.75,2.5,3.5,3.5,3.5,TinyIcons
275,274,212,3.5,3.0,4.5,3.0,3.75,TinyIcons
270,275,212,5.25,5.0,3.5,4.0,3.75,Normal
271,276,212,4.75,4.5,3.5,3.5,3.5,TinyIcons
283,277,213,2.25,2.5,2.0,2.5,2.25,TinyIcons
281,278,213,1.75,1.5,2.5,2.5,2.5,TinyIcons
284,279,213,5.5,4.0,4.0,3.5,3.75,Normal
286,280,213,6.0,3.5,4.0,3.5,3.75,Normal
277,281,213,4.75,4.0,4.0,4.0,4.0,Normal
280,282,213,2.0,2.5,2.5,2.5,2.5,TinyIcons
285,283,213,2.0,3.0,3.0,3.0,3.0,TinyIcons
279,284,213,6.25,4.0,4.0,4.0,4.0,Normal
287,285,213,2.5,3.0,3.0,3.0,3.0,TinyIcons
288,286,213,6.75,4.0,4.0,4.0,4.0,Normal
282,287,213,5.75,4.0,4.0,4.0,4.0,Normal
278,288,213,2.5,3.0,4.0,3.0,3.5,TinyIcons
293,289,214,4.75,4.5,4.0,3.5,3.75,TinyIcons
294,290,214,6.0,5.5,4.0,3.5,3.75,Normal
291,291,214,5.0,5.5,4.0,4.0,4.0,Normal
292,292,214,3.25,3.5,4.0,3.5,3.75,TinyIcons
299,293,214,3.0,3.5,4.0,3.5,3.75,TinyIcons
290,294,214,4.0,4.0,4.0,4.0,4.0,TinyIcons
295,295,214,5.0,4.5,4.0,4.0,4.0,TinyIcons
297,296,214,3.5,3.0,4.0,3.5,3.75,TinyIcons
289,297,214,5.75,5.0,3.5,4.0,3.75,Normal
296,298,214,5.25,5.5,4.5,4.0,4.25,Normal
298,299,214,6.25,5.5,4.0,4.0,4.0,Normal
300,300,214,6.0,5.5,4.0,3.5,3.75,Normal
312,301,215,4.25,3.5,4.5,3.0,3.75,Normal
305,302,215,1.0,2.5,3.0,4.0,3.5,TinyIcons
308,303,215,6.5,6.0,5.5,4.5,5.0,Normal
302,304,215,2.0,2.5,4.5,4.0,4.25,TinyIcons
307,305,215,3.0,4.0,4.0,2.5,3.25,TinyIcons
310,306,215,5.5,5.5,5.0,4.0,4.5,Normal
303,307,215,5.0,5.5,5.0,4.5,4.75,Normal
304,308,215,1.5,2.0,3.0,4.5,3.75,TinyIcons
301,309,215,6.75,5.5,4.0,3.5,3.75,Normal
309,310,215,2.75,4.0,3.0,5.0,4.0,TinyIcons
311,311,215,1.25,2.0,2.5,4.5,3.5,TinyIcons
306,312,215,7.0,7.0,6.5,5.5,6.0,Normal
315,324,217,5.75,2.5,3.5,2.0,2.75,Normal
316,325,217,3.25,1.5,2.5,2.5,2.5,TinyIcons
324,326,217,7.0,7.0,7.0,5.5,6.25,Normal
323,327,217,1.5,1.0,1.0,1.5,1.25,TinyIcons
318,328,217,7.0,7.0,7.0,7.0,7.0,Normal
321,329,217,4.25,2.5,2.5,1.5,2.0,TinyIcons
322,330,217,6.5,6.0,6.0,5.0,5.5,Normal
317,331,217,2.5,1.5,1.0,1.0,1.0,TinyIcons
320,332,217,5.75,6.5,4.5,4.0,4.25,Normal
314,333,217,1.5,1.5,1.0,1.0,1.0,TinyIcons
313,334,217,7.0,7.0,7.0,7.0,7.0,Normal
319,335,217,1.25,1.0,1.5,2.0,1.75,TinyIcons
333,336,218,2.0,2.0,2.0,2.0,2.0,TinyIcons
329,337,218,1.75,2.0,2.0,1.5,1.75,TinyIcons
328,338,218,2.0,1.5,1.5,1.5,1.5,TinyIcons
336,339,218,3.25,3.0,3.0,3.0,3.0,Normal
335,340,218,1.5,1.5,1.0,1.5,1.25,TinyIcons
327,341,218,3.25,3.5,3.0,3.5,3.25,Normal
331,342,218,3.0,3.0,2.5,3.0,2.75,TinyIcons
334,343,218,3.5,4.0,3.0,3.5,3.25,Normal
330,344,218,5.0,5.5,5.0,5.0,5.0,Normal
325,345,218,3.75,3.0,4.0,3.5,3.75,Normal
326,346,218,2.5,2.0,2.0,2.5,2.25,TinyIcons
332,347,218,5.0,5.5,4.5,5.0,4.75,Normal
344,348,219,4.0,3.5,4.0,4.5,4.25,Normal
347,349,219,1.75,3.0,4.0,5.0,4.5,TinyIcons
340,350,219,2.0,3.0,4.0,4.0,4.0,TinyIcons
337,351,219,5.25,4.5,4.0,4.0,4.0,Normal
346,352,219,6.25,4.5,4.0,4.0,4.0,Normal
342,353,219,6.5,5.0,4.0,4.0,4.0,Normal
345,354,219,2.75,3.5,4.0,4.0,4.0,TinyIcons
341,355,219,2.0,3.5,4.0,4.0,4.0,TinyIcons
343,356,219,2.5,4.0,4.0,4.0,4.0,TinyIcons
348,357,219,6.25,4.0,4.0,4.0,4.0,Normal
338,358,219,3.5,3.5,4.0,3.5,3.75,TinyIcons
339,359,219,4.5,3.5,4.0,4.0,4.0,Normal
353,360,220,3.25,4.0,4.5,4.0,4.25,TinyIcons
355,362,220,4.5,5.0,4.5,3.5,4.0,TinyIcons
360,363,220,5.0,6.0,4.5,4.0,4.25,Normal
354,365,220,5.25,6.0,5.0,4.0,4.5,Normal
356,366,220,5.25,6.0,5.0,5.0,5.0,Normal
357,367,220,2.0,3.0,4.0,4.0,4.0,TinyIcons
349,368,220,5.5,6.0,5.0,4.0,4.5,Normal
351,369,220,5.75,5.5,4.5,4.5,4.5,Normal
350,370,220,5.5,5.5,5.0,4.0,4.5,TinyIcons
352,371,220,3.75,4.5,3.5,3.0,3.25,TinyIcons
358,372,220,5.75,5.5,4.5,4.5,4.5,Normal
359,373,220,4.75,5.5,4.0,4.0,4.0,TinyIcons
364,374,221,1.5,1.5,4.0,2.5,3.25,TinyIcons
366,375,221,6.5,5.5,4.5,4.0,4.25,Normal
363,376,221,4.25,4.0,3.0,3.5,3.25,Normal
367,377,221,1.75,1.5,2.0,3.0,2.5,TinyIcons
362,378,221,2.0,1.5,2.5,2.5,2.5,TinyIcons
370,379,221,5.0,5.0,5.5,5.0,5.25,Normal
365,380,221,3.0,3.5,4.0,3.5,3.75,TinyIcons
371,381,221,1.75,4.0,2.0,2.5,2.25,TinyIcons
369,382,221,1.5,1.5,2.0,2.5,2.25,TinyIcons
372,383,221,5.5,5.5,5.0,4.0,4.5,Normal
368,384,221,6.75,6.0,5.0,4.5,4.75,Normal
361,385,221,6.75,5.0,4.5,4.5,4.5,Normal
378,386,222,5.5,4.5,5.0,4.0,4.5,Normal
376,387,222,3.25,3.5,3.0,5.0,4.0,TinyIcons
383,388,222,3.0,4.0,3.5,4.0,3.75,TinyIcons
374,389,222,3.25,5.0,3.5,4.0,3.75,TinyIcons
373,390,222,5.5,5.0,5.0,4.0,4.5,Normal
382,391,222,4.75,4.5,4.0,4.0,4.0,Normal
384,392,222,4.0,3.5,5.0,4.0,4.5,Normal
381,393,222,3.75,4.0,4.0,4.5,4.25,TinyIcons
379,394,222,3.0,4.0,4.0,5.0,4.5,TinyIcons
377,395,222,4.25,5.0,4.5,5.0,4.75,TinyIcons
380,396,222,5.5,5.0,4.5,4.5,4.5,Normal
375,397,222,4.5,4.5,3.5,4.5,4.0,Normal
395,398,223,2.0,2.5,2.5,2.5,2.5,TinyIcons
391,399,223,2.75,3.0,2.5,3.0,2.75,TinyIcons
387,400,223,5.5,4.5,4.0,4.0,4.0,Normal
389,401,223,3.0,3.0,2.5,3.0,2.75,TinyIcons
393,402,223,3.5,3.0,3.0,2.5,2.75,TinyIcons
396,403,223,5.75,4.5,3.5,3.0,3.25,Normal
388,404,223,2.0,2.5,3.0,3.0,3.0,TinyIcons
392,405,223,5.75,4.0,4.0,3.0,3.5,Normal
386,406,223,2.5,3.0,3.0,2.5,2.75,TinyIcons
390,407,223,5.75,4.5,3.5,3.0,3.25,Normal
385,408,223,5.75,4.0,3.5,3.0,3.25,Normal
394,409,223,5.25,4.0,3.0,3.0,3.0,Normal
397,410,224,5.75,4.5,4.0,4.0,4.0,Normal
399,411,224,5.5,4.5,4.5,5.5,5.0,Normal
398,412,224,4.0,3.0,2.5,4.0,3.25,TinyIcons
403,413,224,4.5,3.0,2.5,3.5,3.0,TinyIcons
405,414,224,4.75,3.0,2.5,3.5,3.0,TinyIcons
407,415,224,4.25,3.5,3.5,3.5,3.5,TinyIcons
404,416,224,5.75,4.0,5.0,5.0,5.0,Normal
402,417,224,5.75,4.0,4.0,3.5,3.75,Normal
401,418,224,4.25,3.0,3.0,3.0,3.0,TinyIcons
400,419,224,4.5,3.5,2.5,3.0,2.75,TinyIcons
408,420,224,6.0,5.0,5.0,5.0,5.0,Normal
406,421,224,5.75,4.5,5.0,5.5,5.25,Normal
417,422,225,3.0,3.5,4.0,3.0,3.5,TinyIcons
412,423,225,3.25,3.5,4.0,3.5,3.75,TinyIcons
418,424,225,4.0,4.0,4.0,3.5,3.75,Normal
413,425,225,3.25,3.5,4.0,3.5,3.75,TinyIcons
414,426,225,4.75,4.5,4.0,3.5,3.75,Normal
419,427,225,3.5,3.5,4.0,3.5,3.75,TinyIcons
409,428,225,4.75,5.0,4.0,3.5,3.75,Normal
416,429,225,4.75,4.5,4.0,3.5,3.75,Normal
415,430,225,4.25,4.0,4.0,3.5,3.75,TinyIcons
410,431,225,3.5,3.5,4.0,3.5,3.75,TinyIcons
420,432,225,4.5,4.5,4.0,3.5,3.75,Normal
411,433,225,4.5,4.5,4.0,3.5,3.75,Normal
428,434,226,6.0,4.5,4.0,4.0,4.0,Normal
429,435,226,3.0,2.5,3.0,2.5,2.75,TinyIcons
425,436,226,1.75,2.0,2.0,3.0,2.5,TinyIcons
431,437,226,3.5,4.5,2.5,2.5,2.5,TinyIcons
423,438,226,5.5,5.0,3.0,3.5,3.25,Normal
421,439,226,5.75,3.5,3.0,2.5,2.75,Normal
426,440,226,5.25,5.0,4.5,4.0,4.25,Normal
424,441,226,3.0,2.5,2.5,2.5,2.5,TinyIcons
430,442,226,5.75,5.5,4.0,4.5,4.25,Normal
427,443,226,3.0,2.5,3.0,4.0,3.5,TinyIcons
422,444,226,3.25,2.0,3.0,3.0,3.0,TinyIcons
432,445,226,6.0,5.0,4.0,4.0,4.0,Normal
439,446,227,2.0,2.0,2.0,2.5,2.25,TinyIcons
440,447,227,5.5,5.5,4.0,4.5,4.25,Normal
436,448,227,1.25,2.5,3.5,2.5,3.0,TinyIcons
444,449,227,6.25,6.0,4.5,5.0,4.75,Normal
433,450,227,4.5,4.0,2.5,4.0,3.25,Normal
443,451,227,1.25,2.0,2.5,2.0,2.25,TinyIcons
441,452,227,1.75,2.0,1.5,1.5,1.5,TinyIcons
438,453,227,5.0,5.0,2.5,3.0,2.75,Normal
437,454,227,1.75,2.0,2.0,2.5,2.25,TinyIcons
442,455,227,6.0,6.0,2.0,3.0,2.5,Normal
435,456,227,4.75,5.5,4.5,4.0,4.25,Normal
434,457,227,3.0,4.0,2.5,3.0,2.75,TinyIcons
454,458,228,3.5,4.5,3.5,5.0,4.25,Normal
447,459,228,4.75,4.5,5.0,4.5,4.75,Normal
448,460,228,2.5,3.0,3.0,4.5,3.75,TinyIcons
445,461,228,5.0,5.0,4.5,4.0,4.25,Normal
449,462,228,2.75,2.5,3.5,4.5,4.0,TinyIcons
451,463,228,3.0,3.0,3.0,4.5,3.75,TinyIcons
456,464,228,5.25,5.0,5.0,5.0,5.0,Normal
450,465,228,5.5,5.5,5.0,4.5,4.75,Normal
455,466,228,3.0,3.0,4.0,5.0,4.5,TinyIcons
452,467,228,4.0,5.0,5.0,4.0,4.5,Normal
446,468,228,4.25,4.5,5.0,5.0,5.0,TinyIcons
453,469,228,3.75,4.5,3.5,5.0,4.25,TinyIcons
464,470,229,5.25,3.0,2.0,2.0,2.0,Normal
467,471,229,4.25,3.0,4.0,6.5,5.25,TinyIcons
465,472,229,2.75,2.0,2.0,1.0,1.5,TinyIcons
468,473,229,5.5,5.0,2.5,4.0,3.25,Normal
460,474,229,4.0,3.5,2.0,2.0,2.0,TinyIcons
462,475,229,5.75,3.5,2.0,2.0,2.0,Normal
457,476,229,5.5,5.0,3.5,3.0,3.25,Normal
461,477,229,2.0,2.0,2.0,1.0,1.5,TinyIcons
463,478,229,3.25,2.0,1.5,1.5,1.5,TinyIcons
458,479,229,3.0,2.0,1.5,2.0,1.75,TinyIcons
459,480,229,5.5,4.5,1.5,2.0,1.75,Normal
466,481,229,3.5,5.5,1.5,1.5,1.5,Normal
470,482,230,2.75,1.5,2.5,2.0,2.25,TinyIcons
473,483,230,4.0,1.0,5.0,7.0,6.0,TinyIcons
480,484,230,4.75,5.5,4.0,4.0,4.0,Normal
472,485,230,3.75,2.0,4.5,6.0,5.25,TinyIcons
476,486,230,4.5,4.0,3.0,2.5,2.75,Normal
475,487,230,2.25,2.5,1.5,2.5,2.0,TinyIcons
471,488,230,4.75,5.5,5.0,3.5,4.25,Normal
469,489,230,4.5,4.0,3.5,2.5,3.0,Normal
478,490,230,4.75,4.0,3.5,2.5,3.0,Normal
479,491,230,2.75,1.0,3.0,2.5,2.75,TinyIcons
474,492,230,5.25,5.0,4.5,3.5,4.0,Normal
477,493,230,2.5,2.0,3.0,2.5,2.75,TinyIcons
487,494,231,2.75,2.0,2.0,1.5,1.75,TinyIcons
485,495,231,1.75,1.0,2.0,1.5,1.75,TinyIcons
484,497,231,1.75,1.5,2.0,1.5,1.75,TinyIcons
488,498,231,6.5,5.5,5.5,4.0,4.75,Normal
482,499,231,1.75,1.0,2.0,1.5,1.75,TinyIcons
491,500,231,1.25,1.0,1.5,1.5,1.5,TinyIcons
489,501,231,1.75,1.0,2.0,1.5,1.75,TinyIcons
481,502,231,6.5,5.5,4.5,4.0,4.25,Normal
486,503,231,6.0,6.0,5.5,4.0,4.75,Normal
490,504,231,6.0,5.5,5.0,4.0,4.5,Normal
483,505,231,4.25,6.0,3.0,2.0,2.5,Normal
492,616,231,6.0,5.5,4.5,4.0,4.25,Normal
501,507,232,3.75,3.5,3.0,3.0,3.0,TinyIcons
495,508,232,6.75,5.5,4.5,4.5,4.5,Normal
500,509,232,6.75,4.5,4.5,5.0,4.75,Normal
503,510,232,2.25,3.0,3.5,4.5,4.0,TinyIcons
502,511,232,6.5,5.5,5.0,5.0,5.0,Normal
499,512,232,4.0,4.5,3.5,4.0,3.75,TinyIcons
496,513,232,3.5,4.0,3.5,4.0,3.75,TinyIcons
498,514,232,6.5,5.0,3.5,5.0,4.25,Normal
493,515,232,6.25,4.5,4.5,4.0,4.25,Normal
494,516,232,4.5,3.5,3.5,3.5,3.5,TinyIcons
497,517,232,4.75,3.5,4.0,3.5,3.75,TinyIcons
504,518,232,6.0,5.0,4.5,4.0,4.25,Normal
515,519,233,5.75,4.0,4.0,4.0,4.0,TinyIcons
513,520,233,5.75,4.0,4.0,4.0,4.0,TinyIcons
511,521,233,6.0,4.0,4.0,4.0,4.0,TinyIcons
507,522,233,6.5,4.0,4.0,4.0,4.0,Normal
514,523,233,6.25,4.0,4.0,4.0,4.0,Normal
512,524,233,6.75,4.0,4.0,4.0,4.0,Normal
510,525,233,6.75,4.0,4.0,3.5,3.75,Normal
505,526,233,6.75,4.0,4.0,3.0,3.5,Normal
509,527,233,3.25,4.0,3.0,4.5,3.75,TinyIcons
516,528,233,6.25,4.0,4.0,3.0,3.5,Normal
506,529,233,2.25,4.0,4.0,6.0,5.0,TinyIcons
508,530,233,2.0,5.0,4.0,6.0,5.0,TinyIcons
524,544,235,5.75,5.5,5.0,3.0,4.0,Normal
519,545,235,4.5,4.0,4.0,3.0,3.5,Normal
526,546,235,5.25,5.0,4.5,3.5,4.0,Normal
522,547,235,5.75,5.5,5.5,3.5,4.5,Normal
521,548,235,2.25,2.0,2.0,2.5,2.25,TinyIcons
517,549,235,5.25,5.0,4.5,3.5,4.0,Normal
525,550,235,3.75,2.5,2.5,2.5,2.5,TinyIcons
527,551,235,2.5,3.0,2.0,3.0,2.5,TinyIcons
528,552,235,4.75,5.0,5.0,3.5,4.25,Normal
523,553,235,5.0,5.5,5.0,3.5,4.25,TinyIcons
520,554,235,4.25,4.0,3.5,3.5,3.5,TinyIcons
518,555,235,4.5,4.0,3.5,3.0,3.25,TinyIcons
529,556,236,5.25,6.0,6.5,5.0,5.75,Normal
530,557,236,2.75,2.0,2.0,2.0,2.0,TinyIcons
539,558,236,2.5,1.0,1.0,1.0,1.0,TinyIcons
535,559,236,5.0,3.0,4.5,3.5,4.0,TinyIcons
532,560,236,2.75,2.5,2.5,1.0,1.75,TinyIcons
531,561,236,6.75,6.5,6.0,5.0,5.5,Normal
536,562,236,6.75,6.5,6.0,5.0,5.5,Normal
537,563,236,4.0,4.5,2.5,3.5,3.0,TinyIcons
534,564,236,6.75,5.5,5.5,5.0,5.25,Normal
538,565,236,6.75,6.5,5.5,5.5,5.5,Normal
540,566,236,6.75,6.5,6.0,6.0,6.0,Normal
533,567,236,1.5,1.0,1.0,1.0,1.0,TinyIcons
543,568,237,4.75,5.5,3.0,2.0,2.5,Normal
551,569,237,2.75,5.5,5.5,5.0,5.25,TinyIcons
546,570,237,6.25,5.0,5.5,3.5,4.5,Normal
549,571,237,3.0,2.5,2.5,2.5,2.5,TinyIcons
542,572,237,4.75,5.5,6.0,5.5,5.75,TinyIcons
550,573,237,6.0,5.5,5.5,5.0,5.25,Normal
541,574,237,5.0,4.5,4.5,3.0,3.75,Normal
544,575,237,3.25,3.0,3.0,3.0,3.0,TinyIcons
545,576,237,4.0,3.5,5.0,4.0,4.5,TinyIcons
552,577,237,5.5,6.0,5.0,5.0,5.0,Normal
547,578,237,2.5,3.0,4.5,3.5,4.0,TinyIcons
548,579,237,4.25,4.0,3.5,3.0,3.25,Normal
564,580,238,5.25,5.0,4.5,4.5,4.5,Normal
560,581,238,5.25,4.5,4.5,4.5,4.5,Normal
556,582,238,3.0,4.0,4.0,4.5,4.25,TinyIcons
562,583,238,5.25,4.5,4.0,4.5,4.25,Normal
558,584,238,4.5,4.5,4.0,4.5,4.25,Normal
554,585,238,3.0,4.0,4.0,4.5,4.25,TinyIcons
559,586,238,3.25,4.5,4.0,4.5,4.25,TinyIcons
553,587,238,4.25,4.5,4.0,4.5,4.25,Normal
563,588,238,3.5,4.0,4.0,4.5,4.25,TinyIcons
557,589,238,3.5,4.0,4.0,4.5,4.25,TinyIcons
555,590,238,4.75,4.5,4.0,4.5,4.25,Normal
561,591,238,3.5,4.0,4.0,4.5,4.25,TinyIcons
568,592,239,2.5,3.5,3.5,1.0,2.25,TinyIcons
575,593,239,1.75,3.5,2.5,1.0,1.75,TinyIcons
573,594,239,1.5,3.0,2.0,1.0,1.5,TinyIcons
570,595,239,3.5,3.5,3.0,3.0,3.0,Normal
574,596,239,4.5,3.5,1.5,3.5,2.5,Normal
572,597,239,3.25,4.0,1.5,3.5,2.5,Normal
567,598,239,2.5,3.5,1.5,3.5,2.5,Normal
571,599,239,1.5,2.0,1.0,1.5,1.25,TinyIcons
569,600,239,1.25,1.0,1.0,1.0,1.0,TinyIcons
566,601,239,1.5,2.0,1.0,2.5,1.75,TinyIcons
565,602,239,4.25,2.5,1.0,3.5,2.25,Normal
576,603,239,5.5,4.0,1.0,4.0,2.5,Normal
588,604,240,6.25,5.5,5.5,5.0,5.25,Normal
579,605,240,6.5,5.5,6.0,5.5,5.75,Normal
577,606,240,6.0,6.0,6.0,5.5,5.75,Normal
586,607,240,5.5,6.0,6.0,5.5,5.75,Normal
578,608,240,4.75,5.5,5.5,5.5,5.5,TinyIcons
581,609,240,5.25,6.0,6.0,5.0,5.5,TinyIcons
587,610,240,5.25,6.0,6.0,4.5,5.25,TinyIcons
580,611,240,4.0,5.5,6.0,5.0,5.5,TinyIcons
583,612,240,5.0,5.5,6.0,5.0,5.5,TinyIcons
584,613,240,6.25,6.0,6.0,4.0,5.0,Normal
582,614,240,5.5,6.0,6.0,4.0,5.0,Normal
585,615,240,4.25,6.0,6.0,4.0,5.0,TinyIcons
