user_id,x_location.down_mean,y_location.down_mean,touch.duration_mean,swipe_length_mean,swipe_length.x_mean,swipe_length.y_mean,button_touch_x_location_mean,button_touch_y_location_mean,target_touch_x_location_mean,target_touch_y_location_mean,time_between_touches_mean,x_location.release_mean,y_location.release_mean,difference.touch_buttonCenter_x_mean,difference.touch_buttonCenter_y_mean,touchAccuracy_mean,touchAccuracy_x_mean,touchAccuracy_y_mean,x_location.down_median,y_location.down_median,touch.duration_median,swipe_length_median,swipe_length.x_median,swipe_length.y_median,button_touch_x_location_median,button_touch_y_location_median,target_touch_x_location_median,target_touch_y_location_median,time_between_touches_median,x_location.release_median,y_location.release_median,difference.touch_buttonCenter_x_median,difference.touch_buttonCenter_y_median,touchAccuracy_median,touchAccuracy_x_median,touchAccuracy_y_median,button_touch_x_location_skew,button_touch_y_location_skew,difference.touch_buttonCenter_x_skew,difference.touch_buttonCenter_y_skew,swipe_length_skew,swipe_length.x_skew,swipe_length.y_skew,target_touch_x_location_skew,target_touch_y_location_skew,time_between_touches_skew,touch.duration_skew,touchAccuracy_skew,touchAccuracy_x_skew,touchAccuracy_y_skew,x_location.down_skew,x_location.release_skew,y_location.down_skew,y_location.release_skew,x_location.down_kurt,y_location.down_kurt,touch.duration_kurt,swipe_length_kurt,swipe_length.x_kurt,swipe_length.y_kurt,button_touch_x_location_kurt,button_touch_y_location_kurt,target_touch_x_location_kurt,target_touch_y_location_kurt,time_between_touches_kurt,x_location.release_kurt,y_location.release_kurt,difference.touch_buttonCenter_x_kurt,difference.touch_buttonCenter_y_kurt,touchAccuracy_kurt,touchAccuracy_x_kurt,touchAccuracy_y_kurt,button_touch_x_location_quantile,button_touch_y_location_quantile,difference.touch_buttonCenter_x_quantile,difference.touch_buttonCenter_y_quantile,swipe_length_quantile,swipe_length.x_quantile,swipe_length.y_quantile,target_touch_x_location_quantile,target_touch_y_location_quantile,time_between_touches_quantile,touch.duration_quantile,touchAccuracy_quantile,touchAccuracy_x_quantile,touchAccuracy_y_quantile,x_location.down_quantile,x_location.release_quantile,y_location.down_quantile,y_location.release_quantile,x_location.down_std,y_location.down_std,touch.duration_std,swipe_length_std,swipe_length.x_std,swipe_length.y_std,button_touch_x_location_std,button_touch_y_location_std,target_touch_x_location_std,target_touch_y_location_std,time_between_touches_std,x_location.release_std,y_location.release_std,difference.touch_buttonCenter_x_std,difference.touch_buttonCenter_y_std,touchAccuracy_std,touchAccuracy_x_std,touchAccuracy_y_std,button_touch_x_location_mad,button_touch_y_location_mad,difference.touch_buttonCenter_x_mad,difference.touch_buttonCenter_y_mad,swipe_length_mad,swipe_length.x_mad,swipe_length.y_mad,target_touch_x_location_mad,target_touch_y_location_mad,time_between_touches_mad,touch.duration_mad,touchAccuracy_mad,touchAccuracy_x_mad,touchAccuracy_y_mad,x_location.down_mad,x_location.release_mad,y_location.down_mad,y_location.release_mad,x_location.down_max,y_location.down_max,touch.duration_max,swipe_length_max,swipe_length.x_max,swipe_length.y_max,button_touch_x_location_max,button_touch_y_location_max,target_touch_x_location_max,target_touch_y_location_max,time_between_touches_max,x_location.release_max,y_location.release_max,difference.touch_buttonCenter_x_max,difference.touch_buttonCenter_y_max,touchAccuracy_max,touchAccuracy_x_max,touchAccuracy_y_max,x_location.down_min,y_location.down_min,touch.duration_min,swipe_length_min,swipe_length.x_min,swipe_length.y_min,button_touch_x_location_min,button_touch_y_location_min,target_touch_x_location_min,target_touch_y_location_min,time_between_touches_min,x_location.release_min,y_location.release_min,difference.touch_buttonCenter_x_min,difference.touch_buttonCenter_y_min,touchAccuracy_min,touchAccuracy_x_min,touchAccuracy_y_min,x_location.down_count,y_location.down_count,touch.duration_count,swipe_length_count,swipe_length.x_count,swipe_length.y_count,button_touch_x_location_count,button_touch_y_location_count,target_touch_x_location_count,target_touch_y_location_count,time_between_touches_count,x_location.release_count,y_location.release_count,difference.touch_buttonCenter_x_count,difference.touch_buttonCenter_y_count,touchAccuracy_count,touchAccuracy_x_count,touchAccuracy_y_count,hit_rate,VP,age,sex,occupation,graduation,ownsSmartphone,SmartphoneUsageFrequency,SmartphoneType,ownsTablet,TabletUsageFrequency,TabletType,Neuroticism,Extraversion,Openness,Agreeableness,Conscientiousness
100,622.9003527336861,421.77513227513225,0.4991181657848324,264.1312466609936,167.8968253968254,183.9206349206349,62.10229276895944,21.364197530864196,60.31192878899294,33.31000478706889,2.9012345679012346,626.9559082892416,605.6252204585538,24.818342289386393,9.332451392944108,-0.09725171332483766,0.40697528579300946,-0.20080686028156514,664.5,427.0,0.0,242.720003295979,110.5,158.5,38.5,21.5,32.5,35.5,1.0,615.5,675.5,11.0,6.5,-0.0391836684785844,0.38571430931286,-0.157142842789085,3.9935159098406285,0.4251470031465342,4.491934980485232,6.524447294874206,0.36352688352600926,1.0069284542140342,0.49900094950519674,3.2592862134937537,5.2614031366235405,6.68920950253341,1.7834664265590627,0.9918218825782603,1.023139785478724,-1.6954616240000886,-0.4006246735116935,-0.219167402543349,0.0008924875895773178,-1.2575558742683082,-1.1842121122052396,-0.9044469365797139,4.16423444445925,-1.1363680411104236,0.11698382528560192,-1.0280611265690098,20.161131366542183,-0.8678577042537587,17.38802923106532,50.69544365721176,50.17169240016499,-1.0481530373671923,0.49986685553605437,24.55535865676198,54.74677037465679,44.37587704905226,43.75656139684537,9.387687307722185,38.5,21.5,11.0,6.5,242.720003295979,110.5,158.5,32.5,35.5,1.0,0.0,-0.0391836684785844,0.38571430931286,-0.157142842789085,664.5,615.5,427.0,675.5,287.82805717055294,150.48451535900915,0.7277313106981734,241.10776948588045,187.38703883155728,175.4477609858042,104.40047221624151,18.387925405661292,109.37642897359434,37.84093638589015,7.845287250448759,252.01916011106556,150.25500179434323,44.17600094599624,13.835835982179951,0.8310970026525043,0.8865953072425442,0.6316223036027753,58.73383848280967,16.014348857970276,23.64061909596025,6.940078749591194,212.32773477809053,155.83077181489935,151.6145124716552,61.710285014693774,24.26007193773006,3.4054042284494646,0.6021108031690032,0.3404087452833052,0.4727740024120408,0.4081104243471993,251.54918830815416,216.32158487537598,126.9611526366378,121.72502014065816,991.0,738.5,4.0,889.6836516425369,758.5,599.0,798.5,76.5,798.5,484.090909036723,80.0,993.5,761.0,370.500000596046,139.5,7.80122465454108,10.585714483017801,2.0,48.0,128.5,0.0,0.0,0.0,0.0,0.0,0.0,-370.0,0.0,0.0,62.5,128.0,0.0,0.0,-7.466666666666669,-7.45714296710735,-4.66666666666667,567,567,567,567,567,567,567,567,567,567,567,567,567,567,567,567,567,567,0.708994708994709,3,24,w,Student,Abitur,ja,stuendlich,Samsung,ja,oft,Lenovo,36,25.09090909,39.0,36.0,27.0
101,648.7061518324607,398.4168848167539,0.39528795811518325,257.3329744664764,154.69240837696336,184.72578534031413,54.87041884816754,19.897905759162303,54.25940026330812,34.11732506102347,2.0981675392670156,647.5359947643979,582.520942408377,32.79908390226164,29.1289266219938,-0.3568900007308983,0.3407329502152198,-0.6241378597182613,729.25,405.25,0.0,243.05477621918754,97.25,157.75,36.0,16.5,32.38636360927065,34.09090903672305,1.0,664.75,669.75,12.0000005960464,8.75,-0.025714289752804348,0.33333333333333304,-0.257142844492075,3.2325608585220373,0.5595424468093059,2.9974721035230982,3.169527050778679,0.4293569221281562,1.2787963566955727,0.49648499432272736,2.829011354839412,5.723972652666057,8.861698291903833,2.9739558683900564,-2.042951602696196,4.426775725896743,-2.058291576521537,-0.5365768294122073,-0.29790947449679556,0.06992057257887768,-1.4258361996837419,-1.0638040075449169,-1.1607002104525987,14.820597134006608,-0.8145063427858981,1.1739130452908175,-1.0017877558551107,12.218535415834639,-0.7894598063361489,10.739205889162237,50.228774680749765,97.63993940616933,-1.1206662182360922,0.7378185335067293,9.947200406139938,9.722261694975767,15.462984962519691,57.31439333767906,5.9658290819608855,36.0,16.5,12.0000005960464,8.75,243.05477621918754,97.25,157.75,32.38636360927065,34.09090903672305,1.0,0.0,-0.025714289752804348,0.33333333333333304,-0.257142844492075,729.25,664.75,405.25,669.75,293.80995337788335,169.3535622867772,0.7118386992481737,231.80024081484285,179.03912279566103,172.7829580497919,85.98948906679524,19.02125239805683,89.35136888258701,45.393142357969005,6.327832529989631,256.56538453221333,176.9237907662066,53.909672849749576,60.855678179938586,1.5113335982274672,0.8496785802702254,1.4547327938358146,50.99891039171091,16.721601655656368,33.808806245202994,35.13564937707833,199.75075629455173,143.48753460705782,148.13838196595478,54.187429448749675,26.33133995573831,2.3762369452591794,0.5391231051780434,0.7820590046898459,0.4615770962679381,0.9192683368174205,258.43433568159196,224.3527384117774,146.63721183629804,139.1253940407325,1000.0,733.0,7.0,939.035941804146,871.5,588.0,564.0,83.5,564.0,533.0,98.0,1000.0,753.5,410.000000596046,339.0,7.35857157653692,11.7142859308087,5.714285828629321,34.5,106.5,0.0,0.0,0.0,0.0,0.0,0.0,-309.0,0.0,0.0,49.0,106.5,0.0,0.0,-12.436530999338,-4.22857148355367,-7.21276595744681,764,764,764,764,764,764,764,764,764,764,764,764,764,764,764,764,764,764,0.675392670157068,4,20,m,Student,Abitur,ja,oft,Huawei,nein,,,8,25.0,29.0,32.0,37.0
102,616.1694805194805,431.91883116883116,0.44415584415584414,248.197720660422,158.34415584415584,169.77727272727273,42.83961038961039,21.65,42.81334118095736,33.21245570279912,1.8558441558441559,615.2694805194806,601.5662337662337,32.68311698994079,20.10194806278526,-0.10674599820746397,0.04705011310394292,0.019827708269731927,675.5,442.25,0.0,172.132926872045,51.0,112.25,32.0,18.75,20.4545454003594,37.95454540035945,1.0,645.0,673.0,10.5,7.0,-0.0053061287118115795,0.157142876848883,0.0142857315588974,2.7630695513912022,0.33133786061415615,3.1565287904039825,4.014563617355558,0.5171161416364725,1.111466387932231,0.6585822573291449,2.2771815370996196,3.2168191313589602,8.019641301924864,2.0302190707306838,1.307507149958776,-0.886906263311436,-0.2714843316362174,-0.5052137046776285,-0.34177946423473565,-0.09483817754221555,-1.3055200316553541,-0.9555890414853199,-1.0516312116791078,5.369149109470367,-1.066523380493208,0.14162579724934732,-0.9513774868199882,8.877333952513439,-1.3099645165197213,9.562691675504494,25.009907241682875,69.76508104419769,-0.8172993324333881,0.7836164914318884,11.052125850691874,19.112924192155255,15.343359884765222,48.46650911956987,9.284148767121405,32.0,18.75,10.5,7.0,172.132926872045,51.0,112.25,20.4545454003594,37.95454540035945,1.0,0.0,-0.0053061287118115795,0.157142876848883,0.0142857315588974,675.5,645.0,442.25,673.0,276.50433706753154,158.32461869683473,0.7048952935725858,250.96662716348374,197.1908497057456,178.3674596252088,61.706180567785374,20.108577994793457,67.86411727439516,35.15780281745466,5.812300161006549,242.43119714309543,140.5791643848369,61.759134849266204,42.02434038232208,1.402940467724948,1.2593028161960143,1.1869497701493479,37.84881936245633,18.308311688311687,37.66289757896868,22.50845841652915,225.40697076145764,166.48281329060543,155.76708382526576,44.340285801345466,26.499494145878373,1.9554056333276941,0.571057513914657,0.6082557117839956,0.6063881198709633,0.6812019649950345,235.2776707707882,201.97835216731363,135.66176420981668,111.95880924270489,986.5,740.0,4.0,939.978989126885,767.5,599.0,416.5,69.5,508.18181812763197,372.727272673087,69.0,986.5,760.0,480.500000596046,358.0,10.0822451158237,13.728571679397499,5.8714286884483,16.5,129.0,0.0,0.0,0.0,0.0,0.0,0.0,-339.54545459964,-7.5,0.0,37.0,154.5,0.0,0.0,-6.0334448160535095,-13.911764705882401,-7.61702127659574,770,770,770,770,770,770,770,770,770,770,770,770,770,770,770,770,770,770,0.6714285714285714,5,29,w,Student,Abitur,ja,stuendlich,Huawei,ja,stuendlich,Amazon Fire,14,24.0,36.0,39.0,29.0
103,574.9556701030928,410.6577319587629,0.6865979381443299,254.38838650063695,153.90103092783505,179.88659793814432,40.796373977959476,18.192214717383575,41.71893155851873,28.126616656925464,3.247422680412371,600.0092783505155,590.3051546391753,10.353608300268036,10.424742114421022,-0.1985504278339028,0.1971614727699308,-0.56218230303348,603.5,418.5,0.0,220.278233150713,75.0,130.5,30.0,16.5,31.8181817639958,29.545454491268398,1.0,595.5,663.5,6.99999940395355,8.99999940395355,-0.0146938863231559,0.133333333333333,-0.3999999897820611,3.943584846661123,0.5329275288909903,6.410332527790978,9.652379433508814,0.453084902349283,1.1027742764156623,0.621274870933446,3.55677494052705,4.328170160487901,4.157694108236784,1.5501788012495203,-4.127018250639865,0.672479925749046,-1.4893381554142382,-0.18896038605186471,-0.062208421371939125,0.02839834446336341,-1.3818211013750923,-1.3513490339108332,-1.2427209661486815,2.46755868145147,-1.0385020154675562,0.2513967829246906,-0.9658053372589692,21.809923274824236,-0.7604087833626134,18.569293906396055,31.633541677852882,21.08399437048797,-1.1371164734183565,0.558917479807651,55.078897507094936,155.6080182439767,30.520770048425703,2.3839812806021614,4.26185373859342,30.0,16.5,6.99999940395355,8.99999940395355,220.278233150713,75.0,130.5,31.8181817639958,29.545454491268398,1.0,0.0,-0.0146938863231559,0.133333333333333,-0.3999999897820611,603.5,595.5,418.5,663.5,302.56702452919893,170.00724451934468,0.8864951960616424,230.86486098673413,176.93701165662418,175.15285982102802,59.988727639919745,17.212904195173806,62.81952306340115,33.032952626185974,6.448830581148848,253.01648228187867,152.0501177237989,15.821388546153631,10.289457634338715,0.6865666952889026,0.4972459661411913,0.706856535707118,33.83576458343265,15.028002536089803,7.790375209276826,5.78826221260308,203.2215571814691,146.67713465830636,151.95997449250652,35.61393829554375,21.465691824307772,3.917780848124133,0.6993389308109198,0.3778976222154267,0.3685401810818995,0.5264648823016799,269.93600595174786,218.1578658731018,148.18801572962056,120.95244553087511,999.5,732.0,4.0,832.8568304336591,688.0,581.0,529.5,72.5,529.5,311.818181763996,49.0,1004.5,739.5,177.5,180.999999403954,2.09049773755656,2.7333333333333303,0.933333333333333,34.5,127.5,0.0,0.0,0.0,0.0,0.0,0.0,-113.63636369055,-2.0,0.0,51.5,153.0,0.0,0.0,-7.28888888888889,-1.46666666666667,-5.17142864246758,485,485,485,485,485,485,485,485,485,485,485,485,485,485,485,485,485,485,0.7278350515463917,6,28,w,Student,Abitur,ja,oft,Samsung,nein,,,15,27.0,43.0,38.0,36.0
104,639.3985185185185,404.72962962962964,0.4162962962962963,264.4041775228509,161.31925925925927,184.55407407407407,43.45261813537676,17.59103448275862,42.873872032839856,29.81885519782299,2.691851851851852,637.3903703703704,586.5607407407407,21.817777904934353,19.10592582702637,-0.2825616603823409,0.4515155495032499,-0.4167454967183049,725.5,419.5,0.0,211.40009460735803,85.5,142.0,30.5,11.5,22.272727218541302,23.8636363636364,1.0,661.5,674.0,11.5000005960464,7.5,-0.0471794871794872,0.342857165725864,-0.2,3.5370815528609727,0.7153222714964864,3.6750184706963864,4.793096747346727,0.4656064041496953,1.1514150285136189,0.6627267773830064,3.1377590565949802,3.8545887642588994,7.684737342921689,2.0276527434719114,-0.9101724029486776,1.8356853361405212,-5.03051043782858,-0.5605160009741867,-0.31776778329537847,-0.012040222896527302,-1.172189241623745,-1.0171270653976394,-1.1854463853790447,5.6510361324745215,-0.9828822644680666,0.331042152697266,-0.7931538245524536,15.658736654261503,-0.5391990124747665,13.616720721127912,34.24115167419167,63.36234641969858,-0.9917053368507944,0.11220248704590752,17.155465217912965,24.419873010970477,17.933699327843403,10.739321683480451,48.28979530789628,30.5,11.5,11.5000005960464,7.5,211.40009460735803,85.5,142.0,22.272727218541302,23.8636363636364,1.0,0.0,-0.0471794871794872,0.342857165725864,-0.2,725.5,661.5,419.5,674.0,284.4965940316443,169.94469299062754,0.6627215946973891,238.4840541522361,187.1119226211617,178.05563669009805,70.06807238189961,18.081864024958957,75.61885160966413,36.69633193447806,9.210359377316673,241.048066692297,174.72425715402574,32.59563850258722,42.45754861594578,1.825040911578251,0.9870087866454309,1.5985783821430661,39.87673430774296,15.820231928480261,19.05744858557322,19.52332942664557,208.72772518139027,153.1912493827156,151.287471056241,44.12491392522715,27.097943365835473,3.3474458161865726,0.5427270233196165,0.7970047049707394,0.6192478752914495,0.796067851146686,249.00111056241408,206.85161042523941,148.26396707818895,142.64641975308604,995.0,740.5,4.0,895.063824539904,831.5,622.0,529.5,87.0,529.5,460.0,99.0,993.5,761.0,285.000000596046,311.499999403954,10.8294358567843,8.14285729855908,5.011494252873558,27.0,114.5,0.0,0.0,0.0,0.0,0.0,0.0,-276.0,-10.2272727272726,0.0,48.5,83.5,0.0,0.0,-12.6311111111111,-2.70000002895083,-20.2307692307692,675,675,675,675,675,675,675,675,675,675,675,675,675,675,675,675,675,675,0.6488888888888888,7,23,w,Student,Abitur,ja,oft,Samsung,ja,abUndZu,k.A.,33,23.0,30.54545455,37.0,27.0
105,636.4606413994169,438.2725947521866,0.45626822157434405,234.23845848752657,137.28571428571428,167.68221574344022,49.73793606112396,19.075324218357295,49.49456663492534,31.23456133410364,2.2215743440233235,639.8760932944606,605.3862973760932,15.6734695702183,11.3542273270493,-0.25273051838048344,0.3625202324744964,-0.5365186569154207,731.25,435.5,0.0,171.2878411093845,52.75,102.5,38.5,18.0,30.9090908549049,32.86363633654335,1.0,653.5,674.75,10.0,8.5,-0.058489276253952005,0.307692307692308,-0.314285702608069,3.1502914864899325,0.3837856678814941,3.917566544525045,9.569474051164764,0.5574750999340418,1.4087011417225845,0.7146369838503477,2.984495889256669,5.066886730333013,6.093793204165839,1.753002144924091,-1.607882235875733,1.7011948385196125,-4.072696643856079,-0.4791826585620089,-0.2627017152318243,-0.018401444149903506,-1.3231841740051835,-1.181723502432159,-1.1509838738651155,3.431199972596849,-0.9460773042476123,1.2459326127363117,-0.8851559957348605,12.288607004528933,-1.177725422714949,10.980569282129661,46.66024611769847,43.76702457773034,-1.19444162662595,0.5236840631177482,21.038548876007265,125.57000570592598,18.10966220655432,7.96623208723757,43.770181765652325,38.5,18.0,10.0,8.5,171.2878411093845,52.75,102.5,30.9090908549049,32.86363633654335,1.0,0.0,-0.058489276253952005,0.307692307692308,-0.314285702608069,731.25,653.5,435.5,674.75,297.2927234429777,165.4020561606249,0.7005608250237809,236.14306523415712,178.18427269682448,178.68523163492387,71.35159227331326,17.923446206655324,74.04212960033475,38.370737085182,5.155157675232511,261.04471459670646,141.93596084096228,20.860025565695185,17.157106690585323,0.8430173508649167,0.5440227764784596,1.1589708190500947,41.316976989707285,16.082628895243843,12.02852979465012,7.747163124452857,211.05019839816447,142.68554768846187,155.06089299526414,45.17505152022494,25.064653776147388,2.4914448911592997,0.5799794303394045,0.44062363870550597,0.3699061129437565,0.6518468914302704,263.7523225866806,229.34362383020522,142.1803585240845,113.71284923798784,1006.0,729.5,4.0,957.513054741292,842.5,578.0,563.5,64.5,563.5,489.99999994581395,54.0,998.5,756.0,207.0,271.5,5.51111111111111,4.6,5.8461538461538485,31.5,136.0,0.0,0.0,0.0,0.0,0.0,0.0,-89.0,0.0,0.0,65.0,186.5,0.0,0.0,-6.13333333333333,-1.18571428887698,-14.8461538461538,686,686,686,686,686,686,686,686,686,686,686,686,686,686,686,686,686,686,0.6749271137026239,8,31,w,Fitness Trainer,Hochschulreife,ja,oft,Google Nexus,nein,woechentlich,Google Nexus,31,18.0,25.0,27.0,28.0
106,624.7708333333334,400.16358024691357,0.4243827160493827,249.604125062755,146.3179012345679,181.7006172839506,43.30803001277139,18.712217965091526,43.008417485505525,29.113846778434777,2.4537037037037037,635.5347222222222,581.7685185185185,27.33950625470391,18.57407395541668,0.018940883520929024,0.22089625631904533,-0.27496782817038046,705.5,386.0,0.0,178.198085896218,54.25,123.5,31.5,16.5,26.590909036723097,32.38636360927065,1.0,665.5,670.5,9.50000059604645,7.99999940395355,-0.014693877443279948,0.204166676884606,-0.21428570090508,3.6899483121300376,0.49805872096861786,3.9820606274071064,4.179974258030446,0.5167996376364704,1.2955270654383864,0.5389266126892907,3.5871527464814683,1.3931421076843356,8.27343572974261,2.206377056045842,0.7224215628065445,4.507679296292976,0.22945249177890986,-0.530102935262171,-0.3627570647964938,0.2739246024489311,-0.9141177625147191,-1.019180916107491,-0.9614285512249512,7.886444688710259,-1.0672659362747614,0.6572573415171958,-1.164643980906292,19.90436416873909,-0.9180200437427835,19.129350704606818,9.815943315650376,78.91123352790059,-0.9038462419336786,-0.7007886834448942,19.037578384861295,18.197421919673815,21.171505558794614,47.58145728794698,10.836604390279774,31.5,16.5,9.50000059604645,7.99999940395355,178.198085896218,54.25,123.5,26.590909036723097,32.38636360927065,1.0,0.0,-0.014693877443279948,0.204166676884606,-0.21428570090508,705.5,665.5,386.0,670.5,290.03568697638036,154.38602114414363,0.7035950442002946,248.93937899793733,188.3690227618052,185.41380438327153,64.48335255667179,17.60057770114837,65.12017555026799,26.564968911575253,7.708223504794258,248.2906616377095,154.94687865594676,53.798981985073866,40.02399678081743,1.5011495785900415,1.0864893440090815,1.1885672118984678,37.707992615061265,15.562617268183557,29.735368077728708,19.542352522826857,222.8846058862267,153.22508001829,165.01150739216592,39.20006131032084,22.640986101710336,2.64371856424325,0.5658436213991782,0.5794581620093305,0.5675158964324468,0.6423192558364698,250.7046682098766,211.1244212962958,130.8084705075441,133.80066872427955,995.5,730.5,6.0,864.848252585389,782.0,582.0,623.5,69.0,623.5,272.727272673087,105.0,995.5,760.0,468.500000596046,284.5,10.4657147533553,13.385714530701499,6.34285726790526,30.0,125.5,0.0,0.0,0.0,0.0,0.0,0.0,-96.3636364178224,0.0,0.0,75.0,164.0,0.0,0.0,-11.653333333333302,-3.82038834951456,-7.53846153846154,648,648,648,648,648,648,648,648,648,648,648,648,648,648,648,648,648,648,0.691358024691358,9,28,w,Student,Abitur,ja,oft,Samsung,ja,taeglich,k.A.,26,33.0,21.0,35.0,31.0
107,585.9444444444445,417.89162112932604,0.6065573770491803,290.9252109032445,172.45173041894353,209.44899817850637,56.228597449908925,27.48998178506375,56.378125492104004,41.01034937022951,3.021857923497268,590.7659380692168,626.6047358834244,19.79872513577369,9.20309669441647,-0.09296935120118792,0.38901578413374516,-0.04977009272229174,634.0,423.0,0.0,287.116701011975,122.5,180.5,39.0,34.0,33.181818127632106,45.5,1.0,577.5,688.0,9.5,6.00000059604645,0.00551021108126902,0.35714288025486296,0.0666666666666667,3.345470851910448,-0.04300462242250531,4.549494435442174,9.969587945380106,0.31834095909697274,1.2295990646143478,0.37192522118817345,2.953643983655785,5.035905558941816,5.743173854774783,1.6102108638488914,-7.621098372860164,-3.354581245889983,-3.3700935738252804,-0.2679324860349945,-0.07278546532933737,0.030063860297293285,-1.7528981243362003,-1.2971244082288347,-1.1111545098872222,3.1751504098668084,-0.8128274713197152,1.0575282507556096,-1.1070474863966635,14.185776839824328,-1.4414422524357475,12.565579620092226,45.021154091814864,41.45417272896238,-1.0943769188758172,2.0611672125978346,26.36285799863021,120.671942409106,88.00258210877703,51.11336405439769,27.84586863725842,39.0,34.0,9.5,6.00000059604645,287.116701011975,122.5,180.5,33.181818127632106,45.5,1.0,0.0,0.00551021108126902,0.35714288025486296,0.0666666666666667,634.0,577.5,423.0,688.0,291.53589491019267,156.9586531487817,0.7957647855198162,227.63314521169826,181.48856799198458,172.99673571848106,84.39483544646889,21.225294565193433,87.14092316835315,44.51174082024857,7.5469017311014115,247.86802311938717,132.66258258056996,34.739463235206145,17.812210028071792,0.950967756996658,0.8408226679207143,0.7460751188589391,48.70225380804948,19.342752678325557,18.580548829705403,7.01550102677817,194.85287167305913,143.9971433406004,148.49851526703551,51.907074569661084,28.394844540793827,3.712940567549537,0.6474364716772653,0.3561703890040867,0.4287691101861622,0.4617645142321758,257.9103420360262,212.08900103184766,136.51492198101536,99.91024581869313,991.5,731.5,4.0,991.9587945071112,838.5,568.5,725.5,76.0,725.5,474.5,84.0,991.5,759.5,305.999999403954,251.499999403954,3.1733333333333302,5.942857261093299,2.96808510638298,26.0,136.0,0.0,0.0,0.0,0.0,0.0,0.0,-254.0,-3.4090909090908803,0.0,72.0,156.5,0.0,0.0,-12.0710209051791,-8.74285727471722,-7.185714391056369,549,549,549,549,549,549,549,549,549,549,549,549,549,549,549,549,549,549,0.7486338797814208,10,29,m,Student,Abitur,ja,oft,Sony,ja,taeglich,Samsung,22,23.0,32.0,24.0,29.0
108,633.5669642857143,414.9125,0.5321428571428571,260.253056941459,158.57410714285714,183.15892857142856,51.37687807881773,19.0932881773399,51.38068179379812,28.700162313278607,3.0214285714285714,632.4339285714286,597.1767857142858,21.127678751306874,11.128571278495448,-0.29765375549617773,0.5003770282540289,-0.40892565875221365,721.5,423.75,0.0,227.02107532296353,91.25,147.75,38.5,20.25,36.3636363094503,33.1136363365434,1.0,644.0,664.5,11.5000005960464,7.0,-0.05306581398681115,0.425942168167719,-0.271428559021074,2.721191753031883,0.4375387825379822,5.282649752119316,7.561759477215929,0.43758919778659305,1.222659741722835,0.502440525851352,2.5008139259376945,3.5250747611913584,7.184356027623184,1.5013512654059251,-3.213123224209047,1.3694205745054804,-9.047795207490031,-0.45300266046248655,-0.21742256010131025,0.08241867481378402,-1.252972359260924,-1.2395032556017993,-0.9911077497838683,2.782558114486609,-0.9345326759474926,0.7129564382759939,-1.029737027146435,8.375284508987628,-0.9082046093835303,8.013448181876557,29.879266921462296,64.07433130506254,-1.1731696423585234,0.39407877708070727,37.112730070999305,68.36646828880505,38.653911262696404,51.8095253151461,119.90806382755852,38.5,20.25,11.5000005960464,7.0,227.02107532296353,91.25,147.75,36.3636363094503,33.1136363365434,1.0,0.0,-0.05306581398681115,0.425942168167719,-0.271428559021074,721.5,644.0,423.75,664.5,295.2769953875161,149.87942209410528,0.7070073853098698,228.43168814619602,181.9635506491735,167.7056495569078,69.11864180220219,17.503880722840194,70.39380458285397,29.097437149012517,7.806440034075857,253.17222480376446,136.3127618702073,36.52546150787842,22.352347676209867,1.0574030444424638,0.9966556964785359,1.4551822595514436,41.97260764866223,15.553260248064683,18.529094394491118,8.856530528209294,198.9513560008185,146.99084821428536,145.74446428571432,43.13987418955995,21.55492113108087,3.421045918367311,0.5986607142857159,0.5021152095066146,0.5017051989331105,0.5315712357029369,262.12013711734636,220.81165816326396,128.75303571428566,110.55001275510263,1004.5,732.0,4.0,852.115015710907,783.0,561.5,411.5,70.0,411.5,301.5,100.0,996.0,752.5,359.500000596046,257.5,8.297142973821991,10.2714287633799,5.47872340425532,43.0,124.0,0.0,0.0,0.0,0.0,0.0,0.0,-220.0,-9.318181818181868,0.0,75.5,138.5,0.0,0.0,-11.1740890688259,-8.800000132833212,-21.538461538461494,560,560,560,560,560,560,560,560,560,560,560,560,560,560,560,560,560,560,0.7232142857142857,11,28,w,Gesundheits- und Krankenpflegerin,Abitur,ja,stuendlich,Sony,ja,taeglich,Microsoft,11,24.0,27.0,33.0,41.0
109,622.5009345794392,424.292523364486,0.525233644859813,246.63350474363716,146.15981308411216,175.06168224299066,58.93177570093458,23.22056074766355,62.19889547038907,34.1867459376788,3.229906542056075,643.311214953271,598.9635514018692,17.237383339115393,8.732710154479909,-0.16211452824775396,0.2888108357437137,-0.3715472457978267,710.5,431.0,0.0,204.43580899636902,57.0,117.5,41.5,26.0,43.181818127632106,40.4545454003594,1.0,687.5,675.5,11.0,6.0,-0.0252332960059724,0.28571430760987,-0.21428570090508,3.175009616402414,0.11089746743075199,4.1740314269445955,6.082643059475926,0.44102115277476184,1.256077311387954,0.6228025003768861,3.0714485012089185,1.2478198527580675,7.270514471882518,2.063620513970693,-4.165428896445733,0.329766969016157,-10.75349773479335,-0.45043651728294176,-0.3941871133363628,-0.09010004233687051,-1.606181780469792,-1.2108649548674983,-1.1033674773644326,5.439422942820796,-1.1281996325576633,0.7266706965793177,-0.9710616000674746,15.92224173866386,-0.8294311645498809,14.683609197519324,9.328745928496769,60.1999953803804,-0.9924128279274154,1.4723060218381607,25.2296643150888,52.37729383319086,57.1639668717755,4.378853726709536,148.11266620148092,41.5,26.0,11.0,6.0,204.43580899636902,57.0,117.5,43.181818127632106,40.4545454003594,1.0,0.0,-0.0252332960059724,0.28571430760987,-0.21428570090508,710.5,687.5,431.0,675.5,295.31459689870906,170.81353847183397,0.829477234624938,236.96505463365108,181.828993652138,178.6784007855373,71.53502533610539,17.081977592962456,73.20398536678914,26.021644986419474,8.976532189050621,259.0830992335207,157.77884203800758,23.63089498789347,11.81214357449648,0.7295859940494924,0.47892256612343037,1.0673579761065215,45.10800593938336,14.736259935365542,13.685862529032246,6.223236888805026,212.06240258078617,148.34362127696835,156.0721984452784,46.712812082531926,20.799294879284883,3.5219984278102796,0.6558057472268392,0.30091548135779034,0.3233924284926806,0.435863590143014,260.96529303869335,223.7112062188842,146.5869473316439,120.96817189274213,993.0,732.5,5.0,910.6586901798061,769.5,593.5,684.5,84.5,684.5,251.36363630945,105.0,993.0,759.0,220.5,141.0,6.12306134643082,2.46666666666667,2.06666666666667,26.5,106.5,0.0,0.0,0.0,0.0,0.0,0.0,-7.045454545454558,-12.0454545454545,0.0,49.0,87.0,0.0,0.0,-8.67469879518072,-1.9571428734429,-15.8461538461538,535,535,535,535,535,535,535,535,535,535,535,535,535,535,535,535,535,535,0.8168224299065421,12,30,w,GroÂ¤handelskauffrau,Abitur,ja,taeglich,HTC,ja,oft,Toshiba,31,9.0,30.0,26.0,34.0
110,633.2396449704142,427.5197238658777,0.5029585798816568,272.8500831630646,155.39151873767258,202.72386587771203,53.987077467183575,24.886655784533765,55.455710926533904,42.22673477448076,3.0552268244575935,622.214990138067,628.707100591716,18.381656978727563,11.042406248152844,-0.13442019399126914,0.41951748940011724,-0.24113075517153662,706.0,433.5,0.0,255.31353273964905,88.0,175.5,41.0,27.0,39.090909036723104,41.3636363094503,1.0,634.0,679.0,12.5000005960464,7.5,-0.0183673473210791,0.30000002213886795,-0.138297872340426,2.949501372529466,0.11860006399372101,8.582791883476226,4.906822723927244,0.29082479855857646,1.166126976815443,0.35488038303578706,2.6422124633129838,4.930396213294795,6.519919952465087,2.3683161732563462,0.980718075662724,5.9835056755877085,-6.846818955421562,-0.5545312254015692,-0.19376895384923076,-0.038663039575085066,-1.8436612683637532,-0.8778281913990376,-1.1009009550686784,8.47080506895518,-1.0169760568882906,0.559959999574815,-1.1547540703823946,10.545562683252705,-1.0355100112003317,8.529627872315263,36.93724226348059,53.46048013995712,-0.9461546183343614,2.632312138733873,108.91746276078877,34.72176178927335,40.6047407453944,65.06519556363804,87.32650867376314,41.0,27.0,12.5000005960464,7.5,255.31353273964905,88.0,175.5,39.090909036723104,41.3636363094503,1.0,0.0,-0.0183673473210791,0.30000002213886795,-0.138297872340426,706.0,634.0,433.5,679.0,272.8709033726086,159.3079698397699,0.7886867582436068,225.5162835315993,173.36301009110036,173.27644948774991,67.16236993100634,18.657916134600168,70.13349814686157,47.70660871044635,7.533909331813758,232.40892459918524,128.32067703614868,28.433957171582254,13.40235790009135,1.1712136531767807,0.9272598196421635,1.6761662830145259,39.27351084678474,15.983180987497192,13.414049495389758,7.678679913284393,196.78066500395116,140.60862325860072,150.1036961824403,44.38500618878833,26.370077641062444,3.5092686608389756,0.6170418869554045,0.44348824675174775,0.4897761360395671,0.5883749338338318,233.84592042762296,197.0212527572563,137.59902197635466,93.38329656991425,994.5,737.0,6.0,907.700666519531,762.5,580.0,440.5,70.0,440.5,466.5,89.0,996.0,759.0,442.000000596046,142.5,12.12,12.6285716606646,10.8461538461538,44.0,126.0,0.0,0.0,0.0,0.0,0.0,0.0,-61.0,-52.5,0.0,56.5,131.0,0.0,0.0,-9.57204767063922,-1.84098939929329,-21.92307692307689,507,507,507,507,507,507,507,507,507,507,507,507,507,507,507,507,507,507,0.7593688362919132,13,27,w,Student,Hochschulreife,ja,oft,Huawei,nein,,,22,26.0,32.0,35.0,24.0
111,626.6774553571429,411.20870535714283,0.609375,307.583360391883,186.65959821428572,218.11941964285714,51.845212438423644,22.793141933497537,52.16172886876897,36.83614039474298,4.017857142857143,612.28125,629.2678571428571,15.747768008815386,10.501115949026175,-0.08963038997341843,0.2889312526010035,-0.16911449257457517,699.75,405.0,0.0,326.7774402826095,126.0,214.0,39.0,24.5,32.86363633654335,38.181818127632106,1.0,615.0,678.0,10.0000005960464,6.5,-0.01755102416864275,0.254365671641791,-0.163677804373266,3.047586097191055,0.18995241039169822,3.899598421296032,5.964363523955845,0.13597534214584256,1.0070367995584066,0.22695780500581098,2.6356820727380224,4.765901788007238,6.1095791070138015,1.3856892266559782,-3.3193723222898877,0.5611423282617234,1.7072205361512527,-0.48634200188229953,-0.13479869346408746,0.12397941096067455,-1.7375297036501256,-1.132110954109738,-0.9322709294778808,1.6405146108412088,-0.9757767953739731,0.28467764381624905,-1.2123680877754544,12.136569576390375,-0.950231016142352,9.274471710206875,36.21965496937973,45.707062465271896,-1.042931662182404,2.1622078733804666,19.684606573124075,43.03788050969018,32.75307060758632,9.214973052593894,16.221571723009127,39.0,24.5,10.0000005960464,6.5,326.7774402826095,126.0,214.0,32.86363633654335,38.181818127632106,1.0,0.0,-0.01755102416864275,0.254365671641791,-0.163677804373266,699.75,615.0,405.0,678.0,286.71035178677863,152.90726405425366,0.8091211364331169,235.39815825972974,190.5053114441401,177.022388029437,65.8225268949929,17.203707494154493,71.39413627312031,40.89453851144884,10.39078247768482,244.49219648957146,116.83226525193712,20.96476204932512,18.403885957574033,0.6714373994661488,0.6023504197358431,0.680207163181428,39.10141543147434,14.797141303989278,11.98239199390247,8.510522877455399,201.88139064544143,156.7147889429207,154.33530472735922,45.29225762022583,23.6581451320323,5.005181760204073,0.6719447544642857,0.2751670670381262,0.377688467994644,0.40821149114440036,251.76414520886436,209.67508370535714,128.09059610172153,87.4261001275507,1001.0,733.5,4.0,904.266138921501,808.5,607.0,541.5,69.5,541.5,451.0,109.0,992.5,760.5,186.5,197.500000596046,3.7333333333333294,3.9285715125045,5.64285725598433,51.0,136.0,0.0,0.0,0.0,0.0,0.0,0.0,-121.0,-4.31818181818187,0.0,53.5,185.5,0.0,0.0,-6.3418369112835,-3.2666666666666697,-3.13333333333333,448,448,448,448,448,448,448,448,448,448,448,448,448,448,448,448,448,448,0.7410714285714286,14,33,m,Student,Abitur,ja,oft,Huawei,ja,abUndZu,Kindle,16,32.0,31.0,35.0,36.0
112,611.3305555555555,419.8925925925926,0.45,260.47662575432605,151.9777777777778,188.23518518518517,36.22260536398468,19.524457215836527,40.59208751971071,36.25749156011474,3.5592592592592593,601.9009259259259,608.0092592592592,16.467592730566306,10.05555558094272,-0.15405508164174403,0.596662710417335,-0.03712628243313488,620.0,432.25,0.0,233.670893710371,76.75,148.5,28.75,12.25,23.52272724563425,28.52272724563425,1.0,597.25,676.0,11.5000005960464,7.0,-0.0030612262970502197,0.342857165725864,0.0142857315588974,4.399017886252399,0.4500482919027995,5.128207063655775,11.261789303474146,0.434234672703842,1.1602826788380018,0.6421467628939476,2.8189863291356962,4.112062740414769,5.93117106317807,1.3353141384635423,-1.6068774196724585,3.1923158320212397,-0.16817156131979294,-0.42772093687860196,-0.222810472344758,-0.13957259855324983,-1.2238735965903784,-1.0089093687391064,-0.8662241362564997,1.9625810971922806,-0.9406167625157411,0.42977238143451446,-0.6696706953292355,27.471540966252054,-1.2827138284608484,15.952667479681203,22.867088655551886,39.80514336410025,-0.8079770547492333,0.42551104972949894,35.87741802626739,157.5366029316048,16.06566332672714,22.67902320944785,8.61174981656782,28.75,12.25,11.5000005960464,7.0,233.670893710371,76.75,148.5,23.52272724563425,28.52272724563425,1.0,0.0,-0.0030612262970502197,0.342857165725864,0.0142857315588974,620.0,597.25,432.25,676.0,275.80577933456647,148.5393776016153,0.6206854789842373,216.46443625193098,173.0310477214193,162.0269717548052,58.670338938610335,19.88249801915364,74.08810286476698,55.160467685861086,10.326318098016197,235.36515840571832,148.8538739682937,21.53752316318102,17.21027505159682,1.6746808146054655,1.5456929690974561,0.9312054860912033,33.10358734213131,18.17392247291997,11.189763405452972,7.16234564771378,188.9395349730257,142.8933333333334,137.25804526748973,42.09952486914407,33.05787720800888,4.810507544581649,0.5466666666666659,0.7932517490957746,0.8939302385519459,0.6059397356329074,236.45158436213993,197.08315843621494,125.63241426611809,120.7433813443062,987.0,736.5,3.0,819.2485886469382,774.0,609.5,546.5,66.5,546.5,439.0,98.0,987.0,761.0,224.5,264.0,10.4222222222222,12.933333333333302,5.61702127659574,56.5,120.0,0.0,0.0,0.0,0.0,0.0,0.0,-340.000000054186,-1.1363636363636298,0.0,79.5,120.0,0.0,0.0,-12.302449339979301,-3.86666666666667,-6.2,540,540,540,540,540,540,540,540,540,540,540,540,540,540,540,540,540,540,0.6018518518518519,15,33,m,Angestellter,Hochschulabschluss,ja,stuendlich,"Apple, Huawei",ja,woechentlich,Lenovo,29,31.0,44.0,22.0,23.0
113,617.3954081632653,406.7049319727891,0.46258503401360546,273.9164764104546,163.44897959183675,194.0484693877551,52.302721088435376,22.095238095238095,53.14463510180449,34.48832712406794,2.627551020408163,620.5841836734694,599.5493197278912,17.13350354935847,7.69132641707959,-0.22681457798896984,0.4293594385837938,-0.27698663836640736,677.5,405.75,0.0,267.36481066067245,94.0,154.0,37.5,22.5,34.5454544912685,39.52272724563425,1.0,619.5,674.75,10.000000298023199,6.0,-0.01749542180444965,0.33333333333333304,-0.157142842789085,3.734904808887688,0.31501289572711827,5.419247874268114,1.7707900636460543,0.3204536995388451,1.067093125823547,0.5226221149421305,3.534544517308182,4.802238893231182,5.470558387128809,2.0316758342862076,-4.820257095095845,1.8133578494124387,-1.202988084377945,-0.3931666910667132,-0.13627027992323368,0.13760110860192376,-1.2731916411115862,-1.2337939870295997,-0.8430459105841179,5.394457594153506,-1.0841191474684941,0.2483417749242065,-0.9076432485493031,22.42925423880549,-0.9794767435021128,20.714468969812952,49.16584597491388,35.552851559383456,-1.063038082928553,0.5467182118155005,41.90227613372562,5.29589881290055,32.8201433562448,7.9522116024165985,3.902648644759085,37.5,22.5,10.000000298023199,6.0,267.36481066067245,94.0,154.0,34.5454544912685,39.52272724563425,1.0,0.0,-0.01749542180444965,0.33333333333333304,-0.157142842789085,677.5,619.5,405.75,674.75,288.68702899752446,156.982591921636,0.7245710365207365,227.4158640426361,182.66209095170248,170.3835505284138,73.20607672115298,18.646773390183338,75.05350421649139,36.150350084379056,5.887276390132787,238.69949168428818,143.19087920360138,26.885737452601596,6.887106806684828,0.8935658686796797,0.7239561624332487,0.6130153434776987,43.33803045027539,16.382329122125064,13.999343454011678,5.219474452097619,199.47433968230354,152.34721643759468,145.40562092183734,46.8051622025282,24.41709103042983,3.110457448285446,0.5853116756906863,0.4420437915984429,0.48193046519443156,0.42980125879898223,255.5685565042347,203.75425170067868,130.29986348280755,115.61887408024414,992.0,736.0,4.0,869.742778067171,829.5,582.5,779.0,83.0,786.5,483.636363582178,55.0,1004.5,753.5,325.0,51.9999994039536,1.73333333333333,5.64285725598433,2.2666666666666697,47.5,136.5,0.0,0.0,0.0,0.0,0.0,0.0,-58.63636369054971,-6.136363636363631,0.0,77.5,143.0,0.0,0.0,-8.38367368413826,-2.0,-3.53333333333333,588,588,588,588,588,588,588,588,588,588,588,588,588,588,588,588,588,588,0.7380952380952381,16,28,w,Student,Abitur,ja,stuendlich,Samsung,ja,stuendlich,Lenovo,8,29.0,21.0,32.0,31.0
114,604.9445407279029,420.4055459272097,0.5719237435008665,257.54958923249706,158.78249566724438,181.43240901213173,40.82149046793761,21.477469670710573,40.53907355383961,31.607846202334944,3.10051993067591,608.8864818024264,601.8171577123051,12.959272198288652,10.715771199512316,-0.19879721666467592,0.2313379350103419,-0.3546229959662267,670.5,418.5,0.0,226.28577065295104,78.5,131.0,33.5,24.0,28.636363582177506,36.3636363094503,1.0,630.5,672.0,6.50000059604645,7.0,-0.00551021059469989,0.106666666666667,-0.202127659574468,4.050970306776017,0.25527454103123415,7.853715172167624,7.82633385221872,0.4758239556996033,1.222206166778207,0.5602472849886359,3.634180660601278,2.031935261127639,6.978157101026606,1.6854326196624325,-3.9618819481174743,4.618915517834747,-4.799598160870092,-0.4475854472068918,-0.2554940759876037,0.01994277357162014,-1.3872316025476175,-1.1124062895571725,-0.8668637690293837,3.882584768137802,-0.9586802301923596,0.6531424378785506,-0.973051422455069,27.859987239737716,-1.1511246414809433,24.012967236686276,16.10165480992886,54.24566057651505,-1.0262338905898631,0.8526061601208754,79.06744626353793,74.150490275601,31.68403620733708,42.65223683598769,75.01869094016925,33.5,24.0,6.50000059604645,7.0,226.28577065295104,78.5,131.0,28.636363582177506,36.3636363094503,1.0,0.0,-0.00551021059469989,0.106666666666667,-0.202127659574468,670.5,630.5,418.5,672.0,284.4269663303284,154.75163290206655,0.778693221406055,232.32872328760072,182.8022965016053,169.636042504482,54.248601708781216,18.64825203612888,56.2893408254342,28.568198681117437,9.003102266643829,243.9059910919617,143.45516539813875,26.86079384580474,19.528997619920887,0.9507945037544676,0.9125932859999466,1.0570107533748756,31.757816231088107,16.732579619078038,11.40808104980287,7.884404784494905,204.75593528762425,149.31340015438727,148.44449116778637,35.22407152155153,22.965869033790163,3.6413169174208746,0.6403167041621491,0.45498599528175215,0.47579027538808266,0.5860728642663079,247.56507543650426,208.95631200646426,128.7428941305807,114.63001721087628,988.0,733.5,5.0,878.128976859322,870.5,599.5,610.0,84.0,610.0,311.36363630945,100.0,988.0,760.0,357.000000596046,235.0,4.75106382978723,10.200000190734901,5.0,27.5,107.0,0.0,0.0,0.0,0.0,0.0,0.0,-124.09090914509501,0.0,0.0,48.5,142.5,0.0,0.0,-9.8,-3.51428575710375,-15.4615384615385,577,577,577,577,577,577,577,577,577,577,577,577,577,577,577,577,577,577,0.7383015597920277,17,29,w,Student,Abitur,ja,stuendlich,XIAOMI,nein,,,19,24.0,37.0,39.0,33.0
115,644.969010727056,409.95172824791416,0.4195470798569726,207.76568704692423,119.24553039332538,151.92669845053635,42.14368501089145,17.13082076363487,41.80349981964363,27.17466679331359,1.5458879618593564,646.4970202622169,561.688915375447,27.247914248910934,22.67818829669429,-0.18471335077749312,0.13335281057260703,-0.46135629463859346,720.5,429.5,0.0,126.063476074555,44.0,99.5,21.0,5.0,17.0454545454546,15.227272727272599,1.0,670.5,593.0,11.5000005960464,10.0,-0.0195918349691449,0.133333333333333,-0.257142844492075,4.487697249289249,0.678005119684624,3.4190280776379494,3.358281123506252,0.7623549370535285,1.541271964110991,0.8737053097507866,3.775791740856871,5.688001859228759,8.052597337578913,2.029486401829868,-0.5889885747617041,0.9824000876742452,-0.33319387971911807,-0.7079714223153161,-0.4161653605459324,-0.02536755073360676,-0.8740396861220153,-0.6436741100416499,-0.9831440619437237,5.459059276833863,-0.6441475651276578,1.499350217979794,-0.517062421569598,27.627389263849725,-0.9706709763753203,24.091549424806242,53.40753235130728,76.09560431678676,-0.7422608189927664,-0.26845356390507646,14.305947867229879,11.084261447927496,13.15552473457906,17.151967723375503,8.88234171102485,21.0,5.0,11.5000005960464,10.0,126.063476074555,44.0,99.5,17.0454545454546,15.227272727272599,1.0,0.0,-0.0195918349691449,0.133333333333333,-0.257142844492075,720.5,670.5,429.5,593.0,268.612543122112,162.35388435423815,0.6754468404224637,219.68984573366208,163.2183641392413,165.81844185330291,79.44048822639559,19.602194274505692,83.17241957222267,41.178732660457605,4.18372561719079,221.19521217351277,150.07537210132773,44.54709012000902,40.060918884938644,1.92981155937142,1.1139628341766807,1.4590528556024407,44.05534359287664,17.749585437903544,26.955081599521083,22.228914880392225,190.34704751519322,127.35511371304399,139.24746100769858,47.04594342540985,26.84386159272496,1.6274638773385017,0.5500617256765971,0.9196261513800592,0.6501691208614195,0.9558527336827108,223.30675743443186,184.40255227504326,138.04412853146704,124.9013056862919,991.0,743.5,4.0,872.401856944379,699.0,576.5,765.5,73.5,765.5,498.636363582178,57.0,991.0,760.0,329.500000596046,241.0,10.6695923193481,9.414285891639947,6.50000012772424,33.0,111.5,0.0,0.0,0.0,0.0,0.0,0.0,-405.5,-6.59090909090901,0.0,61.5,117.0,0.0,0.0,-13.68,-6.767857142857139,-12.8461538461538,839,839,839,839,839,839,839,839,839,839,839,839,839,839,839,839,839,839,0.5506555423122765,18,24,w,Student,Abitur,ja,,Cubot,nein,,,19,24.0,27.0,29.0,35.0
116,620.4411196911196,432.8494208494208,0.49613899613899615,219.35375795990748,136.08783783783784,153.59749034749035,37.57395819464785,17.608307815204366,36.78150226120866,26.725868705575095,3.2644787644787643,629.3783783783783,584.4932432432432,17.179536714056745,10.411196816842068,-0.26112718612314345,0.41306113211096845,-0.27271897125430256,694.75,438.0,0.0,158.985540474945,74.5,105.75,17.75,9.5,17.86363633654335,17.0454545454545,1.0,637.25,654.5,9.75,7.0,-0.0193877562489521,0.26350048216007704,-0.2,3.2920881776368787,0.8225850353907667,5.919429345833301,5.484306721780054,0.5930826676259431,1.2762850699546513,0.7998429837623321,2.635179375852997,5.840088728658152,6.030479516948603,2.029112762565917,-3.6245720752519737,1.69346180656862,0.6450379301298123,-0.4617824637527392,-0.1653800284499192,-0.09996555734097567,-1.2235004060111914,-1.045909545849236,-1.114182643675362,4.933183449970773,-0.9140878976049454,0.866855352201362,-0.6094702299708872,13.403412402886529,-0.303527182552759,10.9661050647044,61.32603947105856,45.529097085449145,-0.9931394405726319,0.4590645034489462,47.00078234482665,41.341187827133936,22.22855544928114,21.42864214683581,8.241923983300405,17.75,9.5,9.75,7.0,158.985540474945,74.5,105.75,17.86363633654335,17.0454545454545,1.0,0.0,-0.0193877562489521,0.26350048216007704,-0.2,694.75,637.25,438.0,654.5,278.3760604874557,162.03171928902316,0.7811763658046971,226.00319298198363,168.4124775040984,169.50007746492045,62.74395247253641,19.13054933266002,67.82133373884467,39.769763425973935,8.281877211920012,232.41658655457965,155.60421154513423,30.164677101956137,14.492839190396978,1.0928997044422573,1.0667370462417944,0.816899231252056,37.510010543095134,16.72778843282103,14.522249233015177,7.766528486119713,198.9427530142642,136.59091620578135,144.88196732308745,40.25354353977694,25.05251993351632,4.120354496802375,0.6206526438186668,0.5698994168744422,0.6582419679409153,0.5595614292007609,243.09500081990416,198.8778044453713,141.1496250801271,124.26171345090339,986.5,750.0,4.0,850.6600378529599,743.5,585.0,488.5,92.0,488.5,534.0,92.0,986.5,758.0,353.000000596046,145.99999940395398,2.88888888888889,10.0857144745029,5.76923076923077,24.0,126.0,0.0,0.0,0.0,0.0,0.0,0.0,-262.0,-85.909090963277,0.0,73.5,138.0,0.0,0.0,-8.93020430234709,-7.60000011239733,-4.17142862543768,518,518,518,518,518,518,518,518,518,518,518,518,518,518,518,518,518,518,0.6138996138996139,19,34,m,Selbststaendig,Abitur,ja,oft,Samsung,ja,stuendlich,Samsung,12,23.0,25.0,32.0,32.72727273
117,578.6243042671614,413.70686456400745,0.49536178107606677,323.1492652872063,211.58441558441558,218.30055658627086,42.79975689335295,21.661825858870195,43.135376358296945,28.521360504021338,2.8274582560296846,616.6243042671614,631.5510204081633,23.156539884259395,17.19735618646158,-0.06488512496291608,0.04245914688751984,-0.3167463922697176,620.0,428.5,0.0,316.39532234216097,140.0,171.0,24.0,14.5,26.8181817639958,31.3636363094504,1.0,614.0,675.5,15.0000005960464,9.49999940395355,0.00755879059350504,0.125448028673835,-0.07142855561509401,3.338230573036746,0.5542588915406262,3.5250841159397104,5.590367205779014,0.3492646774086436,0.8830898544253829,0.46087342213995514,3.1077797230061632,1.4618043343413893,6.386949177913658,2.360979706416096,-0.9162655739984316,-0.3541717921294772,-2.437686803406834,-0.2657478168476302,-0.1989817467268882,-0.014091498236368022,-1.6670778852665,-1.4041103192243853,-1.1760254800692524,8.118529354418882,-1.0975039456428282,-0.31433665030428726,-1.153602653174967,14.70362146128258,-1.0678848396887457,13.174237584278519,8.550932599121625,49.73075600005829,-1.0910768947818337,2.276042930249853,14.686951801356162,34.18562421852443,10.267070704199167,3.322120843496172,24.472019550221777,24.0,14.5,15.0000005960464,9.49999940395355,316.39532234216097,140.0,171.0,26.8181817639958,31.3636363094504,1.0,0.0,0.00755879059350504,0.125448028673835,-0.07142855561509401,620.0,614.0,428.5,675.5,319.210386367803,167.58974561061623,0.7840633894086297,280.5312578704498,225.64256824513006,199.51911429722685,69.77534188340799,22.29809904701495,72.32235177579601,28.566260032785053,7.248760132131555,251.70047576661747,132.00295948959857,30.947426294808327,35.63642507283816,2.4148160999890926,1.3000601918101038,1.612034349232959,42.73558573544871,19.962293662907005,17.99774713564263,15.045851210087623,244.85737229777823,190.31453147965078,175.27705742442004,44.25678081058537,24.48621499736973,3.4086761370090173,0.610241600435074,1.0624044165473727,0.8356512745923639,0.889574305190592,285.05548996457986,216.4556985553558,145.7205881846748,96.50513043807543,998.5,738.0,6.0,994.5080442108052,925.5,619.5,525.0,81.5,525.0,266.5,83.0,998.5,761.0,216.0,282.5,10.976327023673,5.13333333333333,6.0106382978723385,10.0,112.0,0.0,0.0,0.0,0.0,0.0,0.0,-137.0,0.0,0.0,2.0,171.5,0.0,0.0,-13.933333333333302,-5.86666666666667,-15.5384615384615,539,539,539,539,539,539,539,539,539,539,539,539,539,539,539,539,539,539,0.5974025974025974,20,36,w,Kinderg_rtnerin,12. Klasse,ja,oft,Samsung,ja,abUndZu,Samsung,13,29.0,33.0,34.90909091,33.0
118,608.6375,438.46458333333334,0.5458333333333333,248.18385574909664,152.71666666666667,173.596875,41.864583333333336,21.634375,45.312689373280996,30.29138255509915,3.372916666666667,623.675,609.509375,12.345833420256776,11.188541691501932,-0.0182514053937081,0.1108704189745566,-0.07330432654369311,690.25,435.75,0.0,185.852062723879,74.5,125.25,31.25,21.75,27.3636363365434,36.18181815472515,1.0,655.0,675.5,6.5,6.5,-0.0033673469318242404,0.08052636652848745,-0.0531914893617021,2.985846774385839,0.22725462604636018,7.328863124759174,7.1936334469386605,0.6396539522762335,1.290270037439448,0.7106456559042625,2.8219825774087774,2.760661674314037,5.306299547575625,1.8378934547328667,0.0920823906060151,-3.2364589545975115,0.9409940452452807,-0.4749279053902053,-0.31150571462939525,-0.09631773747520542,-1.3271138168511116,-1.1670959434423696,-1.0982611132970699,4.083205064404913,-0.6774277408364373,0.7921553675835549,-0.7574608378741483,12.094560565522794,-1.4614241709033382,10.379544834884683,23.659331464138734,34.286363646998275,-1.0094760846387754,0.610661552237385,66.64024663313727,60.387792644503406,29.918054824480095,26.659965070807562,10.715666616249976,31.25,21.75,6.5,6.5,185.852062723879,74.5,125.25,27.3636363365434,36.18181815472515,1.0,0.0,-0.0033673469318242404,0.08052636652848745,-0.0531914893617021,690.25,655.0,435.75,675.5,290.88281481033454,154.44780011434293,0.7900631124424872,235.49007952122633,185.17157290649467,171.2338299533284,58.857967427357615,19.589795542039596,62.98876914677444,30.231367827094886,7.112611621964125,240.3249444281743,136.41679201498133,24.614484398161533,24.45020449617931,1.149114639268134,0.9635126787996541,0.9718957686615062,36.803949652777895,18.10520833333334,10.832395865308776,9.462217911229384,203.76708197199085,149.16194444444469,147.04373697916648,40.97776041345214,23.92835264827496,3.86361111111113,0.6368055555555548,0.41196246429512134,0.5028019901476367,0.5762388378667036,255.44338541666633,206.5557291666673,132.29122395833346,108.45813802083289,986.5,731.5,4.0,955.934098146938,819.0,587.5,431.0,64.5,431.0,338.0,69.0,986.5,760.5,264.999999403954,265.5,8.46857185008576,3.8000000817435096,6.5142858422532415,22.5,146.0,0.0,0.0,0.0,0.0,0.0,0.0,-8.86363636363637,-3.4090909090908803,0.0,45.5,191.5,0.0,0.0,-9.940000387454528,-7.57142868333934,-4.90000006641661,480,480,480,480,480,480,480,480,480,480,480,480,480,480,480,480,480,480,0.6833333333333333,21,25,w,Student,Allgemeine Hochschulreife,ja,stuendlich,Apple,nein,abUndZu,Samsung,36,26.0,34.0,24.0,33.0
119,619.152278177458,431.7541966426858,0.6498800959232613,287.82846811374685,183.2937649880096,193.20143884892087,47.32018523112545,22.381129579095344,48.02790492096055,32.703509891529535,4.4988009592326135,619.6546762589928,623.646282973621,14.770983181983164,8.761390764364522,-0.1281076173083378,0.13358674558722694,-0.3251784266301519,699.0,442.5,0.0,276.377007003115,119.5,161.5,30.5,26.0,31.8181817639958,37.7272726730867,1.0,639.0,668.5,8.99999940395355,6.0,-0.0104081670257856,0.100418410041841,-0.191489361702128,3.5966504849793473,0.012065746094433814,5.456306383978171,6.598890089353791,0.3318792843345202,1.0253096984536305,0.43330155707784107,2.8985657414344157,4.082511515921527,5.867021761038128,1.805829841807054,2.8774141324513964,-2.1953904799964667,-0.5286427412027487,-0.4767136673012541,-0.28318618770027193,-0.0898333379977979,-1.8006587736079525,-1.2075706861764672,-0.9318893522271665,4.16406535670767,-0.9652167059284467,0.11197780221611131,-1.0998616909393044,16.247120398656072,-1.2856537168289552,14.121265563354422,36.51420358394105,40.74009725504855,-1.044201622947203,3.0157329755884823,35.118520609204296,58.22909061842062,53.64910480622178,28.86608402170912,4.59973477726259,30.5,26.0,8.99999940395355,6.0,276.377007003115,119.5,161.5,31.8181817639958,37.7272726730867,1.0,0.0,-0.0104081670257856,0.100418410041841,-0.191489361702128,699.0,639.0,442.5,668.5,305.1041715243767,150.78304073393284,0.8616878757437851,238.44751310940822,197.90614740877814,172.16520659909594,72.76308082959473,17.203686944118566,76.24674426730081,32.221874629922695,11.712116650864637,256.403515335491,115.72656741484056,26.23776630990841,12.070705946251843,0.9966750968500752,0.739361586553078,0.6561745076372458,41.29996622895196,15.17600387563918,12.19856921155676,6.173024102886835,206.07235089736383,163.5845510641848,149.35267325707724,43.48221201236543,21.44993539189866,5.525789440390134,0.6732570777910043,0.38464923509229115,0.43736606152717417,0.44982847449527535,270.1445002271569,220.12199161534238,125.56961049865122,86.70570306344848,993.0,734.0,5.0,894.9351931844002,835.0,583.5,572.0,57.0,572.0,379.090909036723,121.0,993.0,756.0,225.5,132.0,10.4032655266492,4.64367816091954,2.80851063829787,24.0,131.0,0.0,0.0,0.0,0.0,0.0,0.0,-299.0,-10.6818181818182,0.0,41.5,163.0,0.0,0.0,-7.31111111111111,-6.257142946671469,-3.13333333333333,417,417,417,417,417,417,417,417,417,417,417,417,417,417,417,417,417,417,0.7697841726618705,22,31,w,Medienwissenschaftler,Abitur,ja,oft,Sony,nein,,,12,25.0,45.0,33.0,37.0
120,642.0048449612403,425.50581395348837,0.5038759689922481,245.65274661643898,144.28682170542635,178.53972868217053,55.14698609997327,27.867916332531408,56.599189547122215,38.605091590814936,3.124031007751938,655.9098837209302,603.7374031007752,18.72093045665312,13.780038912166921,0.1666869265369012,0.5006636713469607,0.3927305497401704,739.25,425.75,0.0,198.292786662793,63.5,137.75,44.0,31.25,40.7045454274524,42.613636336543394,1.0,670.75,647.25,13.250000298023199,8.5,0.0829591972035507,0.400000023841858,0.271428593080871,2.4071233513863612,0.18683201104850344,3.165643357636629,4.834788017309564,0.5840764013163744,1.3272498518176385,0.5699258490478092,2.2725581464119857,5.106613360256125,7.283073209817538,1.7651064975441304,3.6448412140302113,1.8225512808783635,1.2329830824151307,-0.5090069873057081,-0.265030286453919,0.15273565703680664,-1.0975353724327233,-1.173462554517648,-1.00460856319004,4.230186966415007,-0.6456222315739324,1.1371777750150178,-0.9583611936874621,6.721057924161403,-1.2891185215058258,5.811768617429684,42.94513585297993,69.0283030158,-1.2192284899006176,0.22009476805851413,12.97413159544153,26.711473022136758,55.59447556206753,7.136629341876827,8.935027347809473,44.0,31.25,13.250000298023199,8.5,198.292786662793,63.5,137.75,40.7045454274524,42.613636336543394,1.0,0.0,0.0829591972035507,0.400000023841858,0.271428593080871,739.25,670.75,425.75,647.25,293.13200326082443,157.73924029009822,0.7146079759866382,230.64360115919678,178.3631511553689,170.43492016250676,70.53030561522985,23.92174454013345,72.7753869132885,46.054474148888154,7.7055095678356995,237.78112053054838,126.36996208252226,20.69997485374839,22.789508970305125,0.8810678109609675,0.5740458815997429,0.8525864467024181,44.449772347691855,21.6848485460713,13.03105286974388,11.240907325387026,200.74708191821423,145.49667988702583,147.60565771287844,47.69753647954713,29.36901121321137,3.474821224686001,0.5937143200528813,0.36055901459941025,0.3867309673666688,0.5432601503951301,260.4035251787748,209.0138025058592,133.03488372093022,100.83785905294086,991.5,754.5,4.0,965.7050533159697,889.5,583.0,467.0,92.0,467.0,475.4545454003589,102.0,991.5,761.0,156.0,206.500000596046,10.7551025239094,3.86666666666667,5.9000001175063,61.0,148.0,0.0,0.0,0.0,0.0,0.0,0.0,-55.0,0.0,0.0,82.5,238.0,0.0,0.0,-5.73183687907267,-1.32857143416697,-4.92307692307692,516,516,516,516,516,516,516,516,516,516,516,516,516,516,516,516,516,516,0.6686046511627907,23,20,m,Student,Abitur,ja,oft,Apple,ja,abUndZu,Apple,6,29.0,27.27272727,27.0,37.0
121,608.529598308668,419.0063424947146,0.6152219873150105,215.05349328503337,126.95348837209302,148.21035940803384,48.507873441714665,17.614675220529268,48.22131460349468,23.838362460500257,3.5813953488372094,603.6564482029598,565.6416490486258,35.438689371496125,19.33932334877724,-0.36815526037524743,0.5622571779040619,-0.3450644489035005,649.5,420.5,0.0,154.423120030648,50.5,78.5,31.0,11.5,33.181818127632106,22.7272726730868,1.0,608.0,638.0,16.9999994039536,7.5,-0.0448979636322999,0.563241106719368,-0.23076923076923106,5.283788936410404,0.5945035995776549,3.848860718206381,4.187760162828956,0.6435774719293231,1.5904299743847563,0.8444969340036583,5.024910226564201,3.7660200639104326,5.86766901970126,1.6393327399851743,-2.6739714945090065,-0.2315512865481472,1.0459366985657328,-0.3349027238683726,-0.12339076401890178,0.13842420373991926,-0.8963335608198393,-1.2047468780590824,-0.772564076275553,3.3165255226011747,-0.7279740657500833,2.0011392767345115,-0.6154258817293523,36.79879124824859,-0.844380496634527,34.12038011911904,32.77397455336289,42.7333444665399,-1.1598495715998107,-0.35870041743138836,15.93079681713773,18.406476369921688,23.02016941617532,25.31951290020067,9.134239278358594,31.0,11.5,16.9999994039536,7.5,154.423120030648,50.5,78.5,33.181818127632106,22.7272726730868,1.0,0.0,-0.0448979636322999,0.563241106719368,-0.23076923076923106,649.5,608.0,420.5,638.0,293.53612872668106,144.84899706664504,0.8051350051169591,213.27114762534927,166.775494688804,160.78656844278962,91.13510226670894,18.25722965246049,92.88002294279367,31.17008064396148,9.410271646220226,261.37574389665076,142.82757479510445,62.5704640023989,41.743206829666725,1.6676698142443065,1.218132019597983,1.1845904956032944,45.70946084556427,16.314529076972914,33.87003468857399,20.439732870196774,186.53404816502044,128.5696445252961,137.5642808934023,46.66732438485169,21.878253662453666,4.643492797089339,0.6503403671406032,0.8049388322212873,0.6184602412750139,0.6915408966471355,255.4749853617545,225.16880243508774,117.21552413857836,121.52732993934684,1018.0,734.5,4.0,851.887609958027,781.5,543.5,864.0,68.5,864.0,324.5454544912689,97.0,993.0,756.0,410.0,262.5,7.95183710162912,10.2857144779089,5.58510638297872,50.5,142.5,0.0,0.0,0.0,0.0,0.0,0.0,-144.5,-125.5,0.0,105.0,153.5,0.0,0.0,-12.8888888888889,-7.70000011410032,-5.3297872340425485,473,473,473,473,473,473,473,473,473,473,473,473,473,473,473,473,473,473,0.6025369978858351,24,28,m,Student,Abitur,ja,stuendlich,Sony,nein,,,20,27.0,20.0,27.0,35.0
122,615.4413109756098,423.8079268292683,0.43597560975609756,274.6710981741862,164.86966463414635,194.43826219512195,43.96417682926829,20.023628048780488,44.63442347854574,33.701843101605604,2.6951219512195124,626.109756097561,617.2782012195122,12.098323297028134,17.241615718276037,-0.21656971270422862,0.3211054425001199,-0.19188263598469618,677.75,431.5,0.0,255.07394705151302,86.75,156.0,34.0,18.75,27.6136363365433,38.409090854904804,1.0,648.25,679.0,8.5,6.50000059604645,-0.0201020409171156,0.142857162319884,-0.157142842789085,3.7195389443927755,0.4068980838829734,4.215659674667313,4.528434333404936,0.43380520429174163,1.3002504006546007,0.4606462711887685,3.1494218304301533,5.606538338325583,7.496497719773079,1.7058646644794158,-7.961237100722199,8.395701570401775,0.5612656785948155,-0.4568877506847681,-0.30886925173895813,0.005023518851848431,-1.6096399740987903,-1.1269211715180563,-0.9744985015782563,3.797031768715942,-0.7080071244590629,1.2165456804694736,-1.0555348108999099,17.975259380889966,-1.06431478843518,15.569462955013337,62.68367801290311,63.915862742038804,-0.9610258537845722,1.859053289422687,21.987485634849605,21.119688535705563,91.42793549255714,118.65783367884855,12.37978478514475,34.0,18.75,8.5,6.50000059604645,255.07394705151302,86.75,156.0,27.6136363365433,38.409090854904804,1.0,0.0,-0.0201020409171156,0.142857162319884,-0.157142842789085,677.75,648.25,431.5,679.0,279.26066099496995,158.2587276697065,0.64832252788837,235.7208881753592,188.81681257755739,174.31144474879014,62.870895318103905,17.48023458562016,67.52593935124607,36.95807409795157,8.065478636383594,233.65457344321916,132.56692665658232,16.210938163481373,40.628947574903236,1.0030664987383535,0.9227304630085171,1.0854780839205842,35.177226632212744,15.308029074955382,8.888619614980588,18.464548598369973,204.62027716660702,151.69623735871485,151.60906826293876,39.832179335179234,24.55608216355914,3.2310380725758656,0.5489570939916719,0.4051986225975524,0.4635598676484234,0.5765647978800427,246.15821125817996,202.2595553242117,134.2658201963117,102.56650384815634,987.5,732.0,4.0,1036.6688236847901,907.5,617.0,493.5,60.0,493.5,485.5,98.0,987.5,759.5,137.0,264.0,2.84444444444444,15.2,5.66666666666667,24.0,116.5,0.0,0.0,0.0,0.0,0.0,0.0,-277.0,-8.40909090909088,0.0,55.5,120.5,0.0,0.0,-14.8222222222222,-1.9333333333333305,-5.61702127659574,656,656,656,656,656,656,656,656,656,656,656,656,656,656,656,656,656,656,0.7347560975609756,25,27,m,Student,Abitur,ja,oft,Apple,nein,,,18,25.0,23.0,30.0,19.0
123,611.0617283950618,401.5054012345679,0.49537037037037035,291.428489501516,165.99845679012347,214.36805555555554,37.81981694338016,18.62039697743721,38.57484565902704,25.82112792614266,2.493827160493827,628.216049382716,615.8734567901234,32.80324086031796,19.82870377177073,-0.1539071294656409,0.4620775828174854,-0.18630116541499894,656.75,401.75,0.0,317.5362462386405,101.0,210.5,22.0,6.5,16.93181815472515,15.227272727272696,1.0,654.5,682.0,11.25,8.00000059604645,-0.0151802703437369,0.35731540148008845,-0.0729483203607385,3.7189853621477527,0.5156960903885666,3.5887839249177302,3.0907335922824686,0.1531417548658131,1.1021970967248358,0.2609685398812778,3.5166467529592493,0.4344778880841075,6.238103352810181,2.013743160922362,0.3776876850719347,1.4839841979745363,0.9976469673543283,-0.3812880123134585,-0.17028427094611048,0.060506444569616374,-1.3603547033935202,-1.1194251644408697,-1.044595543862824,6.213968641890356,-0.911228948414196,0.615021493358904,-1.1044368363003612,20.92244449767601,-1.270216875208141,18.824110304626096,-1.36330371543517,49.02929911363478,-1.0671722811081767,0.5337020989850618,13.90092474751156,9.420842229232157,19.280658662112177,11.164532969251638,5.484352955472672,22.0,6.5,11.25,8.00000059604645,317.5362462386405,101.0,210.5,16.93181815472515,15.227272727272696,1.0,0.0,-0.0151802703437369,0.35731540148008845,-0.0729483203607385,656.75,654.5,401.75,682.0,280.6246896319195,168.45301782229964,0.7119927746441378,227.3948555654523,178.91341061638616,176.45814890043886,62.36372067253882,20.330350263734903,64.06421949802547,27.11209927346549,6.502404181301294,230.84602565937806,132.0592381681766,62.46716185469275,36.588430865448046,1.769657579047913,1.1083835344304975,1.2355768829812235,37.20149531715629,18.839339714430736,35.65820756586844,20.89867686351285,192.13998568579674,147.35933451455628,151.33279749657228,40.4519277471041,25.117986687087328,3.2988111568358542,0.5825188614540505,0.7598241486226327,0.635765357878074,0.7779879454041063,244.9323654930663,199.67626886145527,142.51157407407453,105.36895099832336,998.5,737.5,5.0,977.481713383938,830.5,585.0,628.5,70.0,628.5,90.45454540035941,73.0,994.0,760.0,375.5,234.500000596046,11.0571433522263,6.15714297902828,6.70000013113022,50.5,119.5,0.0,0.0,0.0,0.0,0.0,0.0,-8.40909090909091,-4.31818181818176,0.0,60.5,262.5,0.0,0.0,-12.704082065594802,-5.44285721851855,-4.9148936170212805,648,648,648,648,648,648,648,648,648,648,648,648,648,648,648,648,648,648,0.5879629629629629,26,27,m,Student,Abitur,ja,oft,XiaoMI,ja,abUndZu,Odys,11,30.0,32.0,34.0,28.0
124,674.2223001402524,423.4179523141655,0.44039270687237025,203.96276885546754,112.66830294530155,155.3695652173913,41.44509614781289,16.714331907676087,39.167920418468455,29.901632008421252,2.14726507713885,671.6844319775596,578.6598877980365,28.186535889771342,24.431977440899587,-0.4535589582887374,0.4677605465766589,-0.5107351636898791,727.0,427.5,0.0,135.067575679732,19.0,92.0,31.5,9.5,24.999999945814,22.5,1.0,712.0,663.5,12.0,7.5,-0.0551020434229434,0.342857165725864,-0.266666666666667,4.6869289845762445,0.6420145626254027,3.233754804296119,3.5554734595343462,0.7477180038055743,1.6185630555601989,0.7567709636677129,3.524748363308898,5.450752822418699,7.3917935075348575,2.0737148176656457,-2.893642089900144,1.4918234274593332,-1.6627978243014947,-0.7962324772448363,-0.5406709638785749,0.12293193944145478,-0.9448606057215903,-0.44395430901636157,-0.9607745580498306,5.170188698632037,-0.6760153270093703,2.037973980202375,-0.8177082024616591,32.386395476265754,-0.801539650659473,26.394809505033038,38.49347236108411,70.05357521788234,-0.6044767805497218,-0.5370985947812263,10.321792712137174,12.637036410960784,22.760332856116232,9.58493554200112,7.839369118410085,31.5,9.5,12.0,7.5,135.067575679732,19.0,92.0,24.999999945814,22.5,1.0,0.0,-0.0551020434229434,0.342857165725864,-0.266666666666667,727.0,712.0,427.5,663.5,256.9955583586036,161.0401188334478,0.7302807391163096,231.02419647017197,162.17737334927435,178.44981618218824,70.3947305955224,17.96881223999352,75.26541811438878,51.11000153128963,5.8325820075555015,229.68435074947155,148.33634662970525,50.058711153102486,55.07197732639254,1.3790295922108415,0.8118384114859624,1.4010102625936764,37.97957951673651,16.117169127126765,28.435317629747722,29.643786316754273,202.55834640780188,126.63939382613813,154.82736752240996,41.278088618729576,28.265796711802743,2.670068395201126,0.58183720879912,0.7949100554452043,0.5352661989564815,0.8084979020443934,211.89190528926798,190.28321160416854,136.35984098164914,126.17899596552944,996.5,740.0,4.0,878.9772465769521,776.5,592.0,783.0,70.0,783.0,516.0,80.0,996.5,740.0,338.5,369.5,6.9688888888888885,6.5333333333333306,5.76923076923077,35.5,122.5,0.0,0.0,0.0,0.0,0.0,0.0,-335.90909096327704,-9.318181818181813,0.0,72.5,133.5,0.0,0.0,-13.186666666666698,-3.85714290579971,-8.6,713,713,713,713,713,713,713,713,713,713,713,713,713,713,713,713,713,713,0.5890603085553997,27,31,w,Student,Abitur,ja,stuendlich,Samsung,nein,,,13,33.0,35.0,36.0,40.0
125,644.1583969465648,453.087786259542,0.3193384223918575,194.91036684367603,117.21946564885496,141.0356234096692,35.37538387271368,13.89876721920837,33.91712929152957,24.359009929975088,1.9821882951653944,621.8091603053435,593.0674300254453,21.442112130669845,25.554071172503114,-0.5692658301706194,0.6977905645955512,-0.6571765009219404,703.75,494.25,0.0,14.7857549585856,7.75,12.25,0.0,0.0,0.0,0.0,0.0,614.5,674.25,15.0,9.5,-0.0779493008201988,0.43358397206396254,-0.342857131666067,3.090816941979062,0.9294437669534226,5.986255192334435,3.604812912404059,0.809933183620292,1.5699011553778934,0.9550975317557362,2.5178056344171984,2.59285587969918,6.442034757682418,2.3782256412367637,-2.2831736923581234,2.1741387431209076,-1.6257629291792406,-0.24636501594949944,-0.15488732716379974,-0.1998784094873338,-1.002915743979985,-1.3849236942798333,-1.1352788053489462,7.061274496434591,-0.530162337433771,2.1690756753753275,-0.3975273685809255,12.804975807411452,-0.4332963452847798,11.601854578358903,15.275023176102042,49.31476721686096,-1.3245811812456918,-0.25515968617202933,48.79653265432678,12.497275340679547,13.762170759117414,18.466933293802335,14.793178503527294,0.0,0.0,15.0,9.5,14.7857549585856,7.75,12.25,0.0,0.0,0.0,0.0,-0.0779493008201988,0.43358397206396254,-0.342857131666067,703.75,614.5,494.25,674.25,268.14173581063733,156.1572025287016,0.6149372667291232,234.0873784350455,166.76234240240137,177.06319539214556,57.959116744437786,17.962527864204844,62.837795230885746,34.90459980536898,5.346556798554426,266.9052764393036,168.8444651422812,30.19896055390106,54.690838698659086,1.9122978173255545,1.130299278067599,1.793229427245985,37.79293856869042,15.904440110620186,14.873921200867361,28.50817906822757,209.08658759439345,133.50862906202113,153.14847295871124,41.06036928427681,28.00244768497437,2.5297865314764088,0.47210082292537,1.0614197957910232,0.6944908780627141,1.0519275232394445,247.95875337490307,240.76699104559097,134.89504302391126,140.41282559291378,999.5,730.5,4.0,1065.30465126179,885.0,604.0,451.0,73.5,451.0,336.818181763996,54.0,1020.5,761.0,352.500000596046,367.0,8.73469404659883,10.0714287599739,5.9285715465643,58.5,130.5,0.0,0.0,0.0,0.0,0.0,0.0,-301.363636417822,-10.227272727272698,0.0,43.0,169.5,0.0,0.0,-13.880341880341899,-6.14285723043948,-15.6153846153846,786,786,786,786,786,786,786,786,786,786,786,786,786,786,786,786,786,786,0.45165394402035625,28,27,m,Airport-BaggageHandling,Abitur,ja,stuendlich,Samsung,nein,,,28,27.0,25.0,30.0,25.0
126,636.3821202531645,428.86392405063293,0.5126582278481012,250.0372102089318,147.6376582278481,178.87737341772151,51.53481012658228,20.88607594936709,49.71224105786812,29.524812979617224,2.7610759493670884,635.6764240506329,607.5023734177215,20.01582294608219,19.8552214331642,-0.08989339508989931,0.37319311826556845,-0.011204413896058729,715.25,430.75,0.0,224.4542598435965,66.0,132.25,37.0,20.5,30.45454540035945,33.0,1.0,665.75,672.25,10.5,6.0,-0.01295918533127765,0.296116504854369,-0.128571413731088,3.371318067162907,0.3815914574760098,2.9350122715120888,3.921505977989635,0.39326446174048846,1.1936935560130553,0.6009785101299783,3.1286727867576833,0.6959468066523326,7.507303411527993,2.0354558369818805,-1.3942726416664073,0.8809577609503478,1.0122394693734262,-0.5762736217963588,-0.38166504556510855,0.04917275432667429,-1.363717583530372,-0.9285574761468354,-1.0134484348340886,4.845983916814063,-1.1753274202937678,0.5790145850753112,-0.9529250359237222,12.704141963154706,-0.9866548607174863,11.823466329041551,2.400040931930475,64.29732009999542,-0.8746450774912393,0.7973622419852919,9.68841437785982,16.916949316264965,11.604507680008515,4.461243331950284,11.531861737004428,37.0,20.5,10.5,6.0,224.4542598435965,66.0,132.25,30.45454540035945,33.0,1.0,0.0,-0.01295918533127765,0.296116504854369,-0.128571413731088,715.25,665.75,430.75,672.25,268.3885319265064,163.09978568678457,0.8000581735754825,232.99411121739078,178.40385160918566,176.62605096715873,77.7853240079753,18.220901838732527,79.63060517561519,24.90340958608078,8.189603636031492,238.31123219313645,129.70717200599898,28.187616847931068,45.43476373638157,0.5816359987721246,0.549806597063964,1.1431628103616835,43.157196362761596,16.043582759173198,17.461975214133773,23.606773774334126,207.20846584411228,146.99283968915276,153.36459752042933,45.98242355244465,21.536581066580382,3.2441115205896405,0.6310887678256698,0.308261112883481,0.38181339206138465,0.6121161568391554,230.84930299631506,203.26680419804475,137.3875080115362,104.45888579554511,991.5,734.5,4.0,876.9300143112898,760.0,590.5,507.5,69.5,507.5,200.0,100.0,991.5,756.0,198.5,366.5,2.7733333333333303,2.8,5.70212765957447,31.0,121.5,0.0,0.0,0.0,0.0,0.0,0.0,-220.5,-4.31818181818187,0.0,45.5,143.5,0.0,0.0,-4.55791129757267,-2.80000003065382,-7.79787234042553,632,632,632,632,632,632,632,632,632,632,632,632,632,632,632,632,632,632,0.7436708860759493,29,25,m,Student,Abitur,ja,stuendlich,XiAOMI,ja,abUndZu,HP,8,24.0,28.0,31.0,43.0
127,633.9871355060035,427.87993138936537,0.6089193825042881,233.39533159238152,143.13979416809605,160.00600343053173,41.909593659431,18.66259537469687,41.93443004218386,28.099641331751943,2.5008576329331045,640.746140651801,587.3816466552315,18.757289959676882,25.271011871907152,-0.20385918895371155,0.2208087720727468,-0.1300259160319594,716.5,433.0,0.0,190.502624653835,58.5,107.0,30.0,15.5,28.18181812763211,29.090909036722998,1.0,660.5,656.0,10.0000005960464,8.49999940395355,-0.0114453411592076,0.18571430590688,-0.153846153846154,2.971103354242337,0.6322801084841598,3.5614858929877986,3.378933947643951,0.6801534129250761,1.4534527298771263,0.7846471982087393,2.1284417833209504,4.453959638049191,5.0990179078944085,1.5663933985229281,-1.5189314199663249,-0.1724471105277627,-0.02681595025508373,-0.5458370683089799,-0.3635229468926616,0.0012088122303330843,-1.109139971145834,-1.0398784082215229,-0.8662646919926851,3.005711990358011,-0.5985344074086014,1.5351200406085401,-0.6475904214403729,11.495332652250212,-0.6754669016814212,10.687010617894135,35.43062027737291,32.47363120127727,-1.025348307663819,0.18961181337680388,15.699856132422648,11.473914778367481,16.145264058057446,12.549297211977688,8.33208408584142,30.0,15.5,10.0000005960464,8.49999940395355,190.502624653835,58.5,107.0,28.18181812763211,29.090909036722998,1.0,0.0,-0.0114453411592076,0.18571430590688,-0.153846153846154,716.5,660.5,433.0,656.0,284.79213844388994,161.32681497153925,0.7917461011452191,233.53624150591395,184.1588607919938,170.35713058114678,61.13517567861105,18.715571569960733,65.01678306765305,35.0387369595774,5.362743689731837,249.39607270452507,141.59144152123216,27.665804624075744,52.762177646783776,1.206257614099644,0.7639970397836414,1.5573357177339087,37.84543016629873,16.321178993425914,16.29122449957573,29.531753023283198,200.94700761969898,146.23994598236393,145.0895204022499,40.18707631096159,23.30571636580368,2.9017944093512753,0.647564351891347,0.5931968232965749,0.4700934624825256,0.8611020745033153,247.97854299491914,214.95953384781566,135.66861239993,115.84499939686232,1007.5,758.5,4.0,898.3412491920869,865.0,601.5,488.0,73.5,488.0,364.090909036723,51.0,1010.5,758.5,220.5,311.499999403954,6.37306135421592,4.66666666666667,8.0,43.0,103.0,0.0,0.0,0.0,0.0,0.0,0.0,-338.181818236004,-2.0454545454545,0.0,58.0,118.5,0.0,0.0,-9.02222222222222,-6.02857151420749,-8.9000001345362,583,583,583,583,583,583,583,583,583,583,583,583,583,583,583,583,583,583,0.6363636363636364,30,30,m,Student,Abitur,ja,oft,"Apple, Samsung",ja,taeglich,Apple,14,37.0,19.0,22.0,38.0
128,690.1117424242424,445.08617424242425,0.5113636363636364,215.5963141028438,138.3248106060606,148.46875,62.256987983281086,24.257641065830725,62.91666664562854,30.80595727923734,2.960227272727273,682.9592803030303,591.8939393939394,30.339962263450477,18.243371234698728,-0.09961846001802122,0.35872865675227444,-0.0506655589138192,821.25,444.25,0.0,99.62032383410589,30.25,66.25,39.0,25.5,36.5909090367231,37.5,1.0,731.0,664.5,15.5000005960464,7.5,0.0,0.3525784313725491,0.0,2.869627319414665,0.3297017428827594,3.6292535152608827,4.230017555926451,0.6380399807571417,1.19768190895917,0.8209586260111581,2.319306849289465,1.1355610026251237,6.734055613232329,1.944424093647615,-2.4861688290480206,2.1559630930656466,0.09698931543267268,-0.8325530803392671,-0.4625772573190173,-0.09311508653166688,-1.178373194100843,-0.6795945805469503,-1.004287651342532,5.033724328176264,-0.9972669508516043,0.3727899169993192,-0.6721810262272183,10.577135208839477,-1.0961611232676072,10.203214203650093,5.206204489377663,52.13229043995525,-1.0544375841146363,0.36812651574930344,18.021849950527947,19.339653582542475,40.506605325528746,68.25646268804893,11.739259596998348,39.0,25.5,15.5000005960464,7.5,99.62032383410589,30.25,66.25,36.5909090367231,37.5,1.0,0.0,0.0,0.3525784313725491,0.0,821.25,731.0,444.25,664.5,283.05456191897724,157.2925749514624,0.7693510143407931,236.3389510838903,178.84064252127186,170.84273055986844,93.50119967757628,22.05431727013015,97.41551002615331,28.946194819452124,7.249440830720414,243.74331645398934,148.83387680699747,45.06095859780808,37.94803137086746,1.261941497984976,0.885479515744691,1.2051435534037334,59.8207931588612,19.67009980288786,27.346838370432142,18.67112172670025,212.05408684069667,148.8441768537644,148.5748106060606,61.94757231981429,24.76635542721061,3.1236441115702402,0.6217716942148777,0.4539787323744828,0.42929812862782557,0.6394505984754257,242.9278796487601,212.6798596763071,132.63038768365473,120.56020431588674,1000.5,736.5,5.0,842.8146296784372,695.0,582.5,733.5,93.5,733.5,223.5,80.0,996.0,761.0,412.500000596046,263.0,10.3967349372939,11.785714503453699,5.59574468085106,60.0,135.0,0.0,0.0,0.0,0.0,0.0,0.0,-451.0,-8.0,0.0,111.0,141.0,0.0,0.0,-11.4985667760179,-7.942857261093299,-7.923076923076921,528,528,528,528,528,528,528,528,528,528,528,528,528,528,528,528,528,528,0.6553030303030303,31,28,m,Ingenieur,Abitur,ja,stuendlich,Apple,nein,,,15,25.0,21.0,27.0,33.0
129,652.7954887218045,416.8721804511278,0.3969924812030075,235.01183426984196,137.87894736842105,171.47593984962407,40.37842883069743,19.345060928182527,41.30847571466528,29.53786737563588,2.5533834586466164,649.2368421052631,583.4398496240601,35.77744372912815,28.478947389932504,-0.3161212446153433,0.5235040396561313,-0.3136063098331531,733.5,416.0,0.0,179.836036433191,70.5,108.5,27.0,8.5,21.5909090909091,15.6818181818182,1.0,688.5,646.5,13.0,8.5,-0.029492310933221,0.32857145119686604,-0.128571413731088,3.4788271884336908,0.5819133680327192,3.705374815443634,2.8470334505189894,0.5568439694375295,1.3300043205292038,0.6318105106527966,3.2875756421581444,4.942676582450054,7.460663724493873,2.0733910420891783,-0.36213427652629004,5.480515669515541,-1.9054304847101504,-0.6812613834359813,-0.4745496409998752,0.07755100046886985,-0.9738917503025714,-0.8209453119052683,-0.8545461530312113,5.063863569341843,-0.9443240248811064,1.0244849816860797,-0.9912991498145822,15.376041664861884,-1.0499596780330689,13.91207897491416,48.70300447838991,70.00387873927862,-0.7779171203375657,-0.03160666596427486,15.293559482332103,7.919399099236834,15.918107814252611,42.768152160841886,16.94057400149148,27.0,8.5,13.0,8.5,179.836036433191,70.5,108.5,21.5909090909091,15.6818181818182,1.0,0.0,-0.029492310933221,0.32857145119686604,-0.128571413731088,733.5,688.5,416.0,646.5,275.34252678787374,150.5808789569156,0.6823881533341944,231.79086896702248,169.50422483478724,178.38595760890084,66.71652413172616,20.879032317503587,68.08864118970814,40.23931911991918,7.1163263509877135,239.60477449939148,149.91670174073582,67.52943424943363,54.51412860631727,1.2740071504840034,1.3867964350880657,1.5808487352788503,38.66564235322559,18.905779980155245,38.685180590247555,34.142113165380806,203.66178328024702,136.05684210526175,157.4714613601674,41.712407190222784,28.84762937440195,3.183596585448586,0.5444468313641315,0.6977559212192875,0.659177521535717,0.8887868477232542,233.53222002374264,202.48223189552735,125.81407654474496,124.23596585448577,989.5,734.5,4.0,890.9480905193069,761.5,597.5,535.5,91.0,535.5,500.5,96.0,989.5,760.0,457.500000596046,285.5,10.0167349262974,13.0714288110636,8.615384615384611,36.0,130.0,0.0,0.0,0.0,0.0,0.0,0.0,-13.8636363636364,-7.9545454545455,0.0,54.5,67.0,0.0,0.0,-9.52346950192493,-3.61428575880674,-15.307692307692301,665,665,665,665,665,665,665,665,665,665,665,665,665,665,665,665,665,665,0.58796992481203,32,26,m,Student,Abitur,ja,stuendlich,Sony,nein,,,11,36.0,34.0,35.0,28.0
130,587.7748478701826,409.61359026369166,0.5314401622718052,317.23116344989745,191.6075050709939,225.079107505071,46.66024340770791,23.219066937119674,46.554490107353956,36.20348512855992,3.6288032454361057,603.1693711967546,634.6926977687626,13.834685667291375,9.520283889818868,-0.04874116639734805,0.09617692396686428,-0.18187228967270858,639.5,418.5,0.0,340.261664017562,134.5,213.5,33.5,24.5,30.9090908549049,40.909090854904896,1.0,599.0,678.0,7.0,5.5,0.0,0.125,-0.0857142701440925,3.2510024232765273,0.3341789908545365,5.453716704081744,8.828485333111965,0.1335130099219561,0.9975599388902672,0.2563426492269607,2.5197051569961766,1.6567726360228316,5.779122350853326,1.477690177643969,-5.682962635961719,0.39079575880354034,-7.298654512526874,-0.328962662322405,-0.10092012941734334,0.05732722696776154,-1.8185200875763816,-1.2551981380922106,-1.0552395221793112,2.5406464399048447,-0.9214426960411579,0.3474904763289981,-1.1565062503069448,12.298387410283949,-0.8486222491929865,11.979615195765453,14.972588525440031,41.97974674720599,-0.9140810815023683,2.996293914464222,39.524466823213615,95.04409648737918,66.06007365731364,4.561358743854809,83.2782855923786,33.5,24.5,7.0,5.5,340.261664017562,134.5,213.5,30.9090908549049,40.909090854904896,1.0,0.0,0.0,0.125,-0.0857142701440925,639.5,599.0,418.5,678.0,298.3874650262369,159.9721592834945,0.7024386636487144,237.30099277043627,193.1955852261548,179.65453475869865,66.83178496225763,18.1908268209127,71.87688984263444,25.980998164137482,8.528177946860799,238.03027070385784,115.49865988129001,24.705841645811407,20.6735808420916,0.609250570143396,0.512428823215496,1.2372052296105416,38.01927594847146,15.713415813272235,12.239984534351477,7.721224859106963,203.42979964317013,159.28715608786723,155.7052981086117,41.092526796314154,20.9714729999746,4.431641356269722,0.5950405062353691,0.23369940324264493,0.3608070002789381,0.4911982567023578,262.67400400742235,201.12378162428132,137.07048784401465,84.2444363070825,994.5,738.0,3.0,981.252515920341,922.5,608.5,429.5,71.5,429.5,282.0,93.0,994.5,760.0,264.5,263.5,2.96444444444444,3.2,5.606382978723401,22.5,115.5,0.0,0.0,0.0,0.0,0.0,0.0,-356.5,0.0,0.0,41.0,131.0,0.0,0.0,-7.76735459662289,-1.9333333333333305,-13.8461538461538,493,493,493,493,493,493,493,493,493,493,493,493,493,493,493,493,493,493,0.8255578093306288,33,27,m,Student,Abitur,ja,oft,Apple,ja,taeglich,Samsung,17,29.0,39.0,34.0,36.0
